class, ncloc, cloc, dc, testMethodsLoc, numberOfMethods, numberOfTestMethods, numberOfFunctionalMethods, rfc, wmc, gitFileAge, gitTotCommits
org.jfree.chart.annotations.CategoryLineAnnotationTest, 85, 81, 0.4879518072289157, 83, 6, 6, 0, 16, 6, January/3/2022/6:42, 10
org.jfree.chart.annotations.XYPolygonAnnotationTest, 58, 87, 0.6, 56, 5, 5, 0, 9, 5, January/3/2022/6:42, 10
org.jfree.chart.renderer.category.StackedAreaRendererTest, 53, 71, 0.5725806451612904, 51, 6, 6, 0, 14, 6, January/3/2022/6:42, 11
org.jfree.chart.labels.StandardXYSeriesLabelGeneratorTest, 42, 78, 0.65, 40, 6, 6, 0, 11, 6, January/3/2022/6:42, 10
org.jfree.chart.plot.flow.FlowPlotTest, 153, 89, 0.3677685950413223, 147, 15, 14, 1, 23, 15, January/3/2022/6:42, 3
org.jfree.chart.renderer.AbstractRendererTest$TestRenderer, 6, 684, 0.991304347826087, 0, 1, 0, 1, 1, 1, January/3/2022/6:42, 17
org.jfree.chart.internal.SerialUtilsTest$ObjectWithMapOfPaint, 17, 93, 0.8454545454545455, 0, 4, 0, 4, 4, 4, January/1/2022/2:44, 2
org.jfree.chart.annotations.CategoryTextAnnotationTest, 43, 74, 0.6324786324786325, 41, 5, 5, 0, 12, 5, January/3/2022/6:42, 8
org.jfree.chart.axis.LogAxisTest, 139, 114, 0.4505928853754941, 128, 12, 11, 1, 30, 12, January/3/2022/6:42, 12
org.jfree.chart.renderer.xy.StackedXYAreaRendererTest, 99, 102, 0.5074626865671642, 50, 8, 6, 2, 21, 10, January/3/2022/6:42, 15
org.jfree.chart.legend.LegendTitleTest, 63, 72, 0.5333333333333333, 61, 4, 4, 0, 17, 4, January/3/2022/6:42, 6
org.jfree.chart.renderer.category.BoxAndWhiskerRendererTest$Anonymous2, 8, 486, 0.9838056680161943, 0, 2, 0, 2, 0, 2, January/3/2022/6:50, 17
org.jfree.chart.renderer.category.BoxAndWhiskerRendererTest$Anonymous1, 8, 486, 0.9838056680161943, 0, 2, 0, 2, 0, 2, January/3/2022/6:50, 17
org.jfree.chart.plot.ThermometerPlotTest, 87, 84, 0.49122807017543857, 85, 4, 4, 0, 22, 4, January/3/2022/6:42, 12
org.jfree.chart.StackedAreaChartTest$LocalListener, 6, 155, 0.9627329192546584, 0, 1, 0, 1, 0, 1, January/3/2022/6:42, 8
org.jfree.chart.urls.CustomXYURLGeneratorTest, 71, 72, 0.5034965034965035, 69, 5, 5, 0, 14, 5, January/3/2022/6:42, 12
org.jfree.chart.renderer.xy.ClusteredXYBarRendererTest, 73, 80, 0.5228758169934641, 50, 7, 6, 1, 15, 7, January/3/2022/6:42, 10
org.jfree.chart.internal.CloneUtilsTest, 22, 56, 0.717948717948718, 20, 2, 2, 0, 8, 2, January/3/2022/6:42, 4
org.jfree.chart.internal.SerialUtilsTest, 54, 56, 0.509090909090909, 18, 2, 2, 0, 9, 2, January/1/2022/2:44, 2
org.jfree.chart.api.RectangleAlignmentTest, 41, 46, 0.5287356321839081, 39, 1, 1, 0, 2, 1, January/1/2022/2:44, 2
org.jfree.chart.entity.XYItemEntityTest, 39, 65, 0.625, 37, 3, 3, 0, 12, 3, January/3/2022/6:42, 9
org.jfree.chart.text.format.RelativeDateFormatTest, 110, 81, 0.42408376963350786, 100, 8, 6, 2, 26, 8, January/3/2022/6:42, 3
org.jfree.chart.axis.AxisTest, 136, 100, 0.423728813559322, 134, 4, 4, 0, 34, 4, January/1/2022/2:44, 8
org.jfree.chart.BarChartTest, 57, 108, 0.6545454545454545, 29, 6, 3, 3, 21, 9, January/3/2022/6:42, 9
org.jfree.chart.title.DateTitleTest, 44, 61, 0.580952380952381, 42, 4, 4, 0, 12, 4, January/3/2022/6:42, 8
org.jfree.chart.labels.StandardPieToolTipGeneratorTest, 48, 80, 0.625, 46, 5, 5, 0, 12, 5, January/3/2022/6:42, 9
org.jfree.chart.renderer.category.StackedBarRendererTest, 54, 71, 0.568, 52, 6, 6, 0, 14, 6, January/3/2022/6:42, 11
org.jfree.chart.plot.PlotOrientationTest, 15, 52, 0.7761194029850746, 13, 2, 2, 0, 4, 3, January/3/2022/6:42, 6
org.jfree.chart.imagemap.StandardToolTipTagFragmentGeneratorTest, 7, 52, 0.8813559322033898, 5, 1, 1, 0, 2, 1, January/1/2022/2:44, 3
org.jfree.chart.axis.LogarithmicAxisTest, 90, 115, 0.5609756097560976, 35, 10, 6, 4, 27, 10, January/1/2022/2:44, 7
org.jfree.chart.axis.NumberTickUnitTest, 32, 59, 0.6483516483516484, 30, 4, 4, 0, 5, 4, January/3/2022/6:42, 6
org.jfree.chart.axis.PeriodAxisTest, 142, 112, 0.4409448818897638, 135, 8, 7, 1, 36, 8, January/3/2022/7:07, 8
org.jfree.chart.block.BlockContainerTest, 30, 55, 0.6470588235294118, 28, 3, 3, 0, 9, 3, January/3/2022/6:42, 7
org.jfree.chart.MeterChartTest, 11, 58, 0.8405797101449275, 0, 1, 0, 1, 4, 1, January/1/2022/2:44, 3
org.jfree.chart.plot.MyPlotChangeListener, 15, 64, 0.810126582278481, 0, 4, 0, 4, 0, 4, January/1/2022/2:44, 2
org.jfree.chart.labels.IntervalCategoryToolTipGeneratorTest, 43, 88, 0.6717557251908397, 41, 6, 6, 0, 11, 6, January/3/2022/6:42, 9
org.jfree.chart.renderer.category.CategoryStepRendererTest, 45, 74, 0.6218487394957983, 43, 5, 5, 0, 15, 5, January/3/2022/6:42, 13
org.jfree.chart.renderer.xy.WindItemRendererTest, 31, 63, 0.6702127659574468, 29, 5, 5, 0, 8, 5, January/3/2022/6:42, 8
org.jfree.chart.plot.CombinedDomainXYPlotTest, 131, 118, 0.4738955823293173, 46, 10, 6, 4, 32, 10, January/3/2022/6:42, 14
org.jfree.chart.renderer.xy.AbstractXYItemRendererTest, 72, 87, 0.5471698113207547, 60, 8, 7, 1, 22, 8, January/3/2022/6:42, 7
org.jfree.chart.renderer.AbstractRendererTest$MyRendererChangeListener, 9, 681, 0.9869565217391304, 0, 2, 0, 2, 0, 2, January/3/2022/6:42, 17
org.jfree.chart.block.BorderArrangementTest, 502, 209, 0.2939521800281294, 499, 6, 6, 0, 10, 6, January/3/2022/6:42, 10
org.jfree.chart.entity.LegendItemEntityTest, 39, 61, 0.61, 37, 3, 3, 0, 12, 3, January/3/2022/6:42, 9
org.jfree.chart.labels.BoxAndWhiskerXYToolTipGeneratorTest, 45, 86, 0.6564885496183206, 43, 5, 5, 0, 9, 5, January/3/2022/6:42, 8
org.jfree.chart.plot.dial.AbstractDialLayerTest, 31, 60, 0.6593406593406593, 29, 3, 3, 0, 12, 3, January/3/2022/6:42, 7
org.jfree.chart.renderer.category.DefaultCategoryItemRendererTest, 33, 64, 0.6597938144329897, 31, 5, 5, 0, 9, 5, January/3/2022/6:42, 10
org.jfree.chart.renderer.category.StatisticalLineAndShapeRendererTest, 75, 101, 0.5738636363636364, 60, 8, 7, 1, 20, 9, January/3/2022/6:42, 13
org.jfree.chart.renderer.xy.XYStepRendererTest, 88, 86, 0.4942528735632184, 40, 7, 5, 2, 15, 9, January/3/2022/6:42, 14
org.jfree.chart.renderer.xy.RendererXYPackageUtils, 26, 55, 0.6790123456790124, 0, 2, 0, 2, 2, 2, January/1/2022/2:44, 4
org.jfree.chart.plot.compass.MiddlePinNeedleTest, 20, 55, 0.7333333333333333, 18, 3, 3, 0, 6, 3, January/3/2022/6:42, 3
org.jfree.chart.imagemap.ImageMapUtilsTest, 41, 66, 0.616822429906542, 39, 5, 5, 0, 7, 5, January/1/2022/2:44, 6
org.jfree.chart.plot.compass.ShipNeedleTest, 20, 55, 0.7333333333333333, 18, 3, 3, 0, 6, 3, January/3/2022/6:42, 3
org.jfree.chart.WaterfallChartTest, 38, 87, 0.696, 16, 5, 2, 3, 14, 6, January/3/2022/6:42, 8
org.jfree.chart.labels.StandardXYItemLabelGeneratorTest, 85, 75, 0.46875, 83, 5, 5, 0, 16, 5, January/3/2022/6:42, 9
org.jfree.chart.renderer.xy.CandlestickRendererTest, 97, 98, 0.5025641025641026, 94, 7, 7, 0, 28, 7, January/3/2022/6:42, 10
org.jfree.chart.title.TextTitleTest, 64, 73, 0.5328467153284672, 62, 4, 4, 0, 18, 4, January/3/2022/6:42, 10
org.jfree.chart.plot.pie.PiePlotTest$NullLegendLabelGenerator, 8, 589, 0.9865996649916248, 0, 2, 0, 2, 0, 2, January/3/2022/6:42, 3
org.jfree.chart.imagemap.StandardURLTagFragmentGeneratorTest, 8, 52, 0.8666666666666667, 6, 1, 1, 0, 2, 1, January/1/2022/2:44, 3
org.jfree.chart.plot.compass.PointerNeedleTest, 20, 55, 0.7333333333333333, 18, 3, 3, 0, 6, 3, January/3/2022/6:42, 3
org.jfree.chart.axis.AxisLocationTest, 23, 56, 0.7088607594936709, 21, 3, 3, 0, 4, 4, January/3/2022/6:42, 6
org.jfree.chart.axis.StandardTickUnitSourceTest, 12, 51, 0.8095238095238095, 10, 2, 2, 0, 2, 2, January/3/2022/6:42, 7
org.jfree.chart.entity.CategoryItemEntityTest, 46, 65, 0.5855855855855856, 44, 3, 3, 0, 11, 3, January/3/2022/6:42, 10
org.jfree.chart.XYBarChartTest, 55, 101, 0.6474358974358975, 24, 5, 2, 3, 19, 8, January/3/2022/6:42, 8
org.jfree.chart.block.ColorBlockTest, 46, 60, 0.5660377358490566, 44, 3, 3, 0, 11, 4, January/3/2022/6:42, 7
org.jfree.chart.urls.CustomCategoryURLGeneratorTest, 71, 72, 0.5034965034965035, 69, 5, 5, 0, 14, 5, January/3/2022/6:42, 11
org.jfree.chart.renderer.xy.XYErrorRendererTest, 75, 92, 0.5508982035928144, 73, 9, 9, 0, 17, 9, January/3/2022/6:42, 10
org.jfree.chart.XYLineChartTest, 55, 98, 0.6405228758169934, 24, 5, 2, 3, 19, 8, January/3/2022/6:42, 8
org.jfree.chart.block.LineBorderTest, 29, 68, 0.7010309278350515, 27, 3, 3, 0, 4, 3, January/3/2022/6:42, 9
org.jfree.chart.PieChartTest$LocalListener, 6, 98, 0.9423076923076923, 0, 1, 0, 1, 0, 1, January/3/2022/6:42, 7
org.jfree.chart.AreaChartTest$LocalListener, 6, 161, 0.9640718562874252, 0, 1, 0, 1, 0, 1, January/3/2022/6:42, 9
org.jfree.chart.renderer.AbstractRendererTest, 464, 226, 0.32753623188405795, 447, 14, 14, 0, 76, 15, January/3/2022/6:42, 17
org.jfree.chart.renderer.category.StatisticalBarRendererTest, 127, 131, 0.5077519379844961, 58, 11, 6, 5, 20, 16, January/3/2022/6:42, 13
org.jfree.chart.renderer.xy.DeviationStepRendererTest, 36, 64, 0.64, 34, 5, 5, 0, 10, 5, January/3/2022/6:42, 5
org.jfree.chart.axis.PeriodAxisLabelInfoTest, 86, 83, 0.4911242603550296, 84, 5, 5, 0, 10, 5, January/3/2022/6:42, 9
org.jfree.chart.labels.StandardCategoryItemLabelGeneratorTest, 60, 97, 0.6178343949044586, 58, 7, 7, 0, 14, 7, January/3/2022/6:42, 10
org.jfree.chart.labels.StandardCategoryToolTipGeneratorTest, 47, 89, 0.6544117647058824, 45, 6, 6, 0, 10, 6, January/3/2022/6:42, 9
org.jfree.chart.text.format.HMSNumberFormatTest, 11, 42, 0.7924528301886793, 9, 1, 1, 0, 2, 1, January/1/2022/2:44, 2
org.jfree.chart.axis.ValueAxisTest, 112, 101, 0.47417840375586856, 109, 4, 4, 0, 41, 4, January/3/2022/6:42, 9
org.jfree.chart.XYStepAreaChartTest$LocalListener, 6, 146, 0.9605263157894737, 0, 1, 0, 1, 0, 1, January/3/2022/6:42, 7
org.jfree.chart.LineChartTest$LocalListener, 6, 156, 0.9629629629629629, 0, 1, 0, 1, 0, 1, January/3/2022/6:42, 9
org.jfree.chart.plot.SpiderWebPlotTest, 172, 123, 0.41694915254237286, 151, 5, 4, 1, 43, 6, January/3/2022/6:42, 15
org.jfree.chart.entity.StandardEntityCollectionTest, 33, 67, 0.67, 31, 3, 3, 0, 9, 3, January/3/2022/6:42, 8
org.jfree.chart.renderer.category.LevelRendererTest, 82, 99, 0.5469613259668509, 60, 8, 6, 2, 22, 9, January/3/2022/6:42, 13
org.jfree.chart.renderer.category.MinMaxCategoryRendererTest, 57, 85, 0.5985915492957746, 43, 6, 5, 1, 16, 7, January/3/2022/6:42, 12
org.jfree.chart.renderer.xy.GradientXYBarPainterTest, 37, 60, 0.6185567010309279, 35, 4, 4, 0, 5, 4, January/3/2022/6:42, 8
org.jfree.chart.labels.MultipleXYSeriesLabelGeneratorTest, 45, 68, 0.6017699115044248, 43, 5, 5, 0, 10, 5, January/3/2022/6:42, 9
org.jfree.chart.renderer.xy.XYBlockRendererTest, 92, 94, 0.5053763440860215, 89, 9, 9, 0, 21, 9, January/3/2022/6:42, 12
org.jfree.chart.renderer.xy.XYDotRendererTest, 76, 77, 0.5032679738562091, 74, 6, 6, 0, 19, 6, January/3/2022/6:42, 12
org.jfree.chart.plot.CombinedRangeXYPlotTest, 126, 115, 0.47717842323651455, 41, 9, 5, 4, 30, 9, January/3/2022/6:42, 15
org.jfree.chart.axis.SymbolAxisTest, 41, 56, 0.5773195876288659, 39, 3, 3, 0, 10, 3, January/3/2022/6:42, 8
org.jfree.chart.axis.TickUnitsTest, 24, 56, 0.7, 22, 3, 3, 0, 7, 3, January/3/2022/6:42, 7
org.jfree.chart.block.ColumnArrangementTest, 33, 67, 0.67, 31, 3, 3, 0, 4, 3, January/3/2022/6:42, 8
org.jfree.chart.axis.AxisSpaceTest, 38, 58, 0.6041666666666666, 36, 3, 3, 0, 11, 3, January/3/2022/6:42, 4
org.jfree.chart.entity.TickLabelEntityTest, 31, 60, 0.6593406593406593, 29, 3, 3, 0, 10, 3, January/3/2022/6:42, 8
org.jfree.chart.plot.MeterPlotTest, 114, 103, 0.47465437788018433, 112, 4, 4, 0, 29, 4, January/3/2022/6:42, 9
org.jfree.chart.axis.CategoryTickTest, 63, 64, 0.5039370078740157, 61, 4, 4, 0, 9, 4, January/3/2022/6:42, 9
org.jfree.chart.renderer.category.GroupedStackedBarRendererTest, 75, 83, 0.5253164556962026, 57, 6, 5, 1, 16, 7, January/3/2022/6:42, 11
org.jfree.chart.LegendItemTest, 107, 208, 0.6603174603174603, 105, 4, 4, 0, 15, 4, January/3/2022/6:42, 12
org.jfree.chart.axis.DateTickTest, 61, 61, 0.5, 59, 4, 4, 0, 8, 4, January/3/2022/6:42, 8
org.jfree.chart.plot.dial.StandardDialScaleTest, 134, 97, 0.4199134199134199, 131, 6, 6, 0, 27, 6, January/3/2022/6:42, 10
org.jfree.chart.renderer.xy.XYStepAreaRendererTest, 78, 79, 0.5031847133757962, 53, 6, 5, 1, 19, 7, January/3/2022/6:42, 12
org.jfree.chart.TimeSeriesChartTest, 55, 98, 0.6405228758169934, 24, 5, 2, 3, 19, 8, January/3/2022/6:42, 8
org.jfree.chart.BarChartTest$LocalListener, 6, 159, 0.9636363636363636, 0, 1, 0, 1, 0, 1, January/3/2022/6:42, 9
org.jfree.chart.urls.CustomPieURLGeneratorTest, 39, 64, 0.6213592233009708, 37, 4, 4, 0, 10, 4, January/3/2022/6:42, 10
org.jfree.chart.plot.CategoryPlotTest, 763, 355, 0.31753130590339895, 735, 37, 35, 2, 109, 48, January/3/2022/6:42, 19
org.jfree.chart.internal.ShapeUtilsTest, 50, 70, 0.5833333333333334, 48, 5, 5, 0, 11, 5, January/1/2022/2:44, 3
org.jfree.chart.axis.DateAxisTest, 779, 266, 0.2545454545454545, 752, 25, 23, 2, 46, 178, January/3/2022/6:42, 14
org.jfree.chart.plot.FastScatterPlotTest, 115, 85, 0.425, 91, 6, 4, 2, 21, 8, January/3/2022/6:42, 9
org.jfree.chart.renderer.category.IntervalBarRendererTest, 64, 90, 0.5844155844155844, 48, 7, 6, 1, 16, 8, January/3/2022/6:42, 11
org.jfree.chart.plot.RingPlotTest, 69, 71, 0.5071428571428571, 67, 3, 3, 0, 18, 3, January/3/2022/6:42, 8
org.jfree.chart.renderer.category.BarRendererTest, 147, 117, 0.4431818181818182, 145, 9, 9, 0, 43, 9, January/3/2022/6:42, 17
org.jfree.chart.renderer.xy.YIntervalRendererTest, 122, 90, 0.42452830188679247, 120, 6, 6, 0, 27, 6, January/3/2022/6:42, 15
org.jfree.chart.JFreeChartTest, 239, 170, 0.4156479217603912, 225, 14, 12, 2, 38, 20, January/3/2022/6:42, 20
org.jfree.chart.labels.BubbleXYItemLabelGeneratorTest, 87, 79, 0.4759036144578313, 85, 6, 6, 0, 11, 6, January/3/2022/6:42, 10
org.jfree.chart.axis.CategoryLabelWidthTypeTest, 20, 56, 0.7368421052631579, 18, 3, 3, 0, 4, 3, January/3/2022/6:42, 6
org.jfree.chart.annotations.CategoryPointerAnnotationTest, 76, 81, 0.5159235668789809, 74, 5, 5, 0, 19, 5, January/3/2022/6:42, 9
org.jfree.chart.renderer.xy.XYDifferenceRendererTest, 85, 95, 0.5277777777777778, 83, 6, 6, 0, 22, 7, January/3/2022/6:42, 14
org.jfree.chart.labels.BoxAndWhiskerToolTipGeneratorTest, 38, 73, 0.6576576576576577, 36, 5, 5, 0, 9, 5, January/3/2022/6:42, 9
org.jfree.chart.plot.compass.CompassPlotTest, 46, 75, 0.6198347107438017, 44, 3, 3, 0, 13, 3, January/3/2022/6:42, 3
org.jfree.chart.plot.CrosshairTest, 90, 74, 0.45121951219512196, 88, 5, 5, 0, 25, 5, January/3/2022/6:42, 10
org.jfree.chart.renderer.OutlierTest, 35, 63, 0.6428571428571429, 32, 4, 4, 0, 8, 4, January/3/2022/6:42, 4
org.jfree.chart.annotations.XYTextAnnotationTest, 82, 79, 0.4906832298136646, 80, 5, 5, 0, 19, 5, January/3/2022/6:42, 10
org.jfree.chart.labels.StandardFlowLabelGeneratorTest, 13, 51, 0.796875, 11, 2, 2, 0, 2, 2, January/3/2022/6:42, 3
org.jfree.chart.renderer.xy.StackedXYAreaRenderer2Test, 66, 92, 0.5822784810126582, 64, 7, 7, 0, 23, 8, January/3/2022/6:42, 12
org.jfree.chart.plot.compass.WindNeedleTest, 20, 55, 0.7333333333333333, 18, 3, 3, 0, 6, 3, January/3/2022/6:42, 3
org.jfree.chart.entity.FlowEntityTest, 36, 58, 0.6170212765957447, 34, 3, 3, 0, 7, 3, January/3/2022/6:42, 3
org.jfree.chart.labels.StandardPieSectionLabelGeneratorTest, 51, 86, 0.6277372262773723, 49, 5, 5, 0, 11, 5, January/3/2022/6:42, 9
org.jfree.chart.ScatterPlotTest$LocalListener, 6, 147, 0.9607843137254902, 0, 1, 0, 1, 0, 1, January/3/2022/6:42, 8
org.jfree.chart.title.TitleTest, 31, 53, 0.6309523809523809, 29, 2, 2, 0, 7, 2, January/3/2022/6:42, 7
org.jfree.chart.XYAreaChartTest$LocalListener, 6, 146, 0.9605263157894737, 0, 1, 0, 1, 0, 1, January/3/2022/6:42, 8
org.jfree.chart.plot.compass.MeterNeedleTest, 36, 49, 0.5764705882352941, 34, 1, 1, 0, 9, 1, January/3/2022/6:42, 3
org.jfree.chart.plot.pie.PiePlotTest, 384, 213, 0.35678391959798994, 373, 16, 16, 0, 73, 18, January/3/2022/6:42, 3
org.jfree.chart.XYStepAreaChartTest, 55, 97, 0.6381578947368421, 24, 5, 2, 3, 19, 8, January/3/2022/6:42, 7
org.jfree.chart.title.CompositeTitleTest, 64, 76, 0.5428571428571428, 62, 5, 5, 0, 18, 6, January/3/2022/6:42, 11
org.jfree.chart.plot.dial.DialPointerTest, 71, 77, 0.5202702702702703, 69, 7, 7, 0, 17, 7, January/3/2022/6:42, 8
org.jfree.chart.labels.StandardXYZToolTipGeneratorTest, 76, 78, 0.5064935064935064, 74, 5, 5, 0, 9, 5, January/3/2022/6:42, 9
org.jfree.chart.urls.StandardXYURLGeneratorTest, 11, 53, 0.828125, 9, 2, 2, 0, 3, 2, January/1/2022/2:44, 7
org.jfree.chart.plot.compass.PlumNeedleTest, 20, 55, 0.7333333333333333, 18, 3, 3, 0, 6, 3, January/3/2022/6:42, 3
org.jfree.chart.urls.StandardCategoryURLGeneratorTest, 39, 67, 0.6320754716981132, 37, 4, 4, 0, 6, 4, January/3/2022/6:42, 8
org.jfree.chart.ScatterPlotTest, 55, 98, 0.6405228758169934, 24, 5, 2, 3, 19, 8, January/3/2022/6:42, 8
org.jfree.chart.XYStepChartTest$LocalListener, 6, 158, 0.9634146341463414, 0, 1, 0, 1, 0, 1, January/3/2022/6:42, 9
org.jfree.chart.imagemap.OverLIBToolTipTagFragmentGeneratorTest, 7, 54, 0.8852459016393442, 5, 1, 1, 0, 2, 1, January/1/2022/2:44, 3
org.jfree.chart.StandardChartThemeTest, 131, 105, 0.4449152542372881, 129, 3, 3, 0, 35, 3, January/3/2022/6:42, 12
org.jfree.chart.axis.CategoryAxisTest, 93, 84, 0.4745762711864407, 91, 5, 5, 0, 18, 5, January/3/2022/6:42, 7
org.jfree.chart.axis.ModuloAxisTest, 31, 59, 0.6555555555555556, 29, 4, 4, 0, 9, 4, January/3/2022/6:42, 6
org.jfree.chart.plot.compass.LongNeedleTest, 20, 55, 0.7333333333333333, 18, 3, 3, 0, 6, 3, January/3/2022/6:42, 3
org.jfree.chart.renderer.category.ScatterRendererTest, 98, 85, 0.4644808743169399, 76, 7, 6, 1, 23, 11, January/3/2022/6:42, 13
org.jfree.chart.entity.PieSectionEntityTest, 47, 65, 0.5803571428571429, 45, 3, 3, 0, 14, 3, January/3/2022/6:42, 9
org.jfree.chart.block.GridArrangementTest, 144, 124, 0.4626865671641791, 131, 19, 18, 1, 13, 19, January/3/2022/6:42, 8
org.jfree.chart.GanttChartTest, 93, 173, 0.650375939849624, 23, 9, 3, 6, 23, 10, January/3/2022/6:42, 6
org.jfree.chart.plot.dial.DialCapTest, 64, 80, 0.5555555555555556, 62, 4, 4, 0, 17, 4, January/3/2022/6:42, 9
org.jfree.chart.plot.dial.DialTextAnnotationTest, 60, 73, 0.5488721804511278, 58, 4, 4, 0, 18, 4, January/3/2022/6:42, 8
org.jfree.chart.urls.TimeSeriesURLGeneratorTest, 43, 73, 0.6293103448275862, 41, 4, 4, 0, 8, 4, January/3/2022/6:42, 9
org.jfree.chart.imagemap.DynamicDriveToolTipTagFragmentGeneratorTest, 7, 54, 0.8852459016393442, 5, 1, 1, 0, 2, 1, January/1/2022/2:44, 3
org.jfree.chart.renderer.RendererUtilsTest$Anonymous4, 5, 336, 0.9853372434017595, 0, 1, 0, 1, 0, 1, January/3/2022/6:50, 6
org.jfree.chart.renderer.xy.StackedXYBarRendererTest, 64, 90, 0.5844155844155844, 62, 7, 7, 0, 21, 7, January/3/2022/6:42, 13
org.jfree.chart.annotations.XYShapeAnnotationTest, 52, 105, 0.6687898089171974, 50, 5, 5, 0, 9, 5, January/3/2022/6:42, 9
org.jfree.chart.renderer.RendererUtilsTest$Anonymous1, 5, 336, 0.9853372434017595, 0, 1, 0, 1, 0, 1, January/3/2022/6:50, 6
org.jfree.chart.renderer.RendererUtilsTest$Anonymous3, 5, 336, 0.9853372434017595, 0, 1, 0, 1, 0, 1, January/3/2022/6:50, 6
org.jfree.chart.renderer.RendererUtilsTest$Anonymous2, 5, 336, 0.9853372434017595, 0, 1, 0, 1, 0, 1, January/3/2022/6:50, 6
org.jfree.chart.annotations.XYTitleAnnotationTest, 68, 74, 0.5211267605633803, 42, 5, 4, 1, 13, 6, January/3/2022/6:42, 10
org.jfree.chart.XYLineChartTest$LocalListener, 6, 147, 0.9607843137254902, 0, 1, 0, 1, 0, 1, January/3/2022/6:42, 8
org.jfree.chart.plot.MarkerTest, 211, 155, 0.42349726775956287, 204, 15, 14, 1, 38, 23, January/3/2022/6:42, 10
org.jfree.chart.renderer.category.LayeredBarRendererTest, 55, 81, 0.5955882352941176, 41, 6, 5, 1, 16, 7, January/3/2022/6:42, 13
org.jfree.chart.renderer.category.WaterfallBarRendererTest, 58, 114, 0.6627906976744186, 56, 6, 6, 0, 16, 6, January/3/2022/6:42, 11
org.jfree.chart.TestUtils, 97, 74, 0.4327485380116959, 67, 3, 1, 2, 35, 8, January/3/2022/6:57, 10
org.jfree.chart.labels.ItemLabelPositionTest, 12, 55, 0.8208955223880597, 10, 2, 2, 0, 2, 2, January/1/2022/2:44, 5
org.jfree.chart.XYBarChartTest$LocalListener, 6, 150, 0.9615384615384616, 0, 1, 0, 1, 0, 1, January/3/2022/6:42, 8
org.jfree.chart.axis.NumberAxisTest, 179, 178, 0.49859943977591037, 176, 12, 12, 0, 31, 12, January/3/2022/6:42, 13
org.jfree.chart.renderer.xy.XYBoxAndWhiskerRendererTest, 65, 85, 0.5666666666666667, 49, 6, 5, 1, 20, 7, January/3/2022/6:42, 13
org.jfree.chart.axis.ExtendedCategoryAxisTest, 65, 72, 0.5255474452554745, 63, 5, 5, 0, 14, 5, January/3/2022/6:42, 7
org.jfree.chart.plot.CombinedDomainCategoryPlotTest, 129, 113, 0.4669421487603306, 42, 9, 5, 4, 28, 9, January/3/2022/6:42, 11
org.jfree.chart.block.FlowArrangementTest, 33, 67, 0.67, 31, 3, 3, 0, 4, 3, January/3/2022/6:42, 8
org.jfree.chart.renderer.xy.DeviationRendererTest, 36, 64, 0.64, 34, 5, 5, 0, 10, 5, January/3/2022/6:42, 8
org.jfree.chart.axis.DateAxisTest$MyDateAxis, 9, 1036, 0.9913875598086125, 0, 2, 0, 2, 1, 2, January/3/2022/6:42, 14
org.jfree.chart.legend.LegendGraphicTest, 101, 95, 0.4846938775510204, 99, 5, 5, 0, 28, 5, January/3/2022/6:42, 6
org.jfree.chart.annotations.XYPointerAnnotationTest, 76, 81, 0.5159235668789809, 74, 5, 5, 0, 19, 5, January/3/2022/6:42, 9
org.jfree.chart.renderer.xy.XYSplineRendererTest, 50, 69, 0.5798319327731093, 48, 5, 5, 0, 13, 5, January/3/2022/6:42, 10
org.jfree.chart.axis.CategoryLabelPositionsTest, 38, 123, 0.7639751552795031, 34, 3, 3, 0, 5, 3, January/3/2022/6:42, 8
org.jfree.chart.plot.XYPlotTest, 865, 387, 0.30910543130990414, 793, 47, 42, 5, 101, 55, January/3/2022/7:07, 25
org.jfree.chart.plot.dial.MyDialLayerChangeListener, 6, 52, 0.896551724137931, 0, 2, 0, 2, 0, 2, January/1/2022/2:44, 2
org.jfree.chart.axis.DateTickUnitTest, 20, 55, 0.7333333333333333, 18, 3, 3, 0, 3, 3, January/3/2022/6:42, 7
org.jfree.chart.axis.QuarterDateFormatTest, 41, 71, 0.6339285714285714, 39, 4, 4, 0, 9, 4, January/3/2022/6:42, 6
org.jfree.chart.renderer.xy.XYAreaRenderer2Test, 93, 86, 0.48044692737430167, 68, 7, 6, 1, 22, 8, January/3/2022/6:42, 12
org.jfree.chart.plot.dial.DialPlotTest, 151, 97, 0.3911290322580645, 145, 10, 9, 1, 22, 10, January/3/2022/6:42, 9
org.jfree.chart.renderer.AreaRendererEndTypeTest, 14, 51, 0.7846153846153846, 12, 2, 2, 0, 3, 3, January/3/2022/6:42, 6
org.jfree.chart.renderer.xy.XYBarRendererTest, 191, 130, 0.40498442367601245, 188, 11, 11, 0, 44, 11, January/3/2022/6:50, 14
org.jfree.chart.StackedBarChartTest, 57, 106, 0.6503067484662577, 29, 6, 3, 3, 21, 9, January/3/2022/6:42, 9
org.jfree.chart.annotations.XYImageAnnotationTest, 2, 112, 0.9824561403508771, 0, 0, 0, 0, 0, 0, January/1/2022/2:44, 4
org.jfree.chart.PieChartTest, 27, 77, 0.7403846153846154, 8, 3, 1, 2, 9, 3, January/3/2022/6:42, 7
org.jfree.chart.plot.IntervalMarkerTest, 56, 75, 0.5725190839694656, 49, 6, 5, 1, 14, 6, January/3/2022/6:42, 9
org.jfree.chart.renderer.RendererUtilsTest, 204, 137, 0.40175953079178883, 202, 7, 7, 0, 6, 7, January/3/2022/6:50, 6
org.jfree.chart.XYAreaChartTest, 55, 97, 0.6381578947368421, 24, 5, 2, 3, 19, 8, January/3/2022/6:42, 8
org.jfree.chart.axis.CategoryLabelPositionTest, 45, 87, 0.6590909090909091, 43, 3, 3, 0, 4, 3, January/3/2022/6:42, 9
org.jfree.chart.plot.MeterIntervalTest, 21, 69, 0.7666666666666667, 19, 3, 3, 0, 4, 3, January/3/2022/6:42, 7
org.jfree.chart.renderer.category.BoxAndWhiskerRendererTest, 298, 196, 0.3967611336032389, 271, 18, 16, 2, 36, 29, January/3/2022/6:50, 17
org.jfree.chart.GanttChartTest$LocalListener, 6, 260, 0.9774436090225563, 0, 1, 0, 1, 0, 1, January/3/2022/6:42, 6
org.jfree.chart.plot.PlotRenderingInfoTest, 45, 59, 0.5673076923076923, 43, 3, 3, 0, 14, 3, January/3/2022/6:42, 7
org.jfree.chart.internal.ArgsTest, 14, 40, 0.7407407407407407, 12, 1, 1, 0, 2, 1, January/1/2022/2:44, 3
org.jfree.chart.plot.compass.PinNeedleTest, 20, 55, 0.7333333333333333, 18, 3, 3, 0, 6, 3, January/3/2022/6:42, 3
org.jfree.chart.plot.dial.StandardDialFrameTest, 51, 72, 0.5853658536585366, 49, 4, 4, 0, 17, 4, January/3/2022/6:42, 9
org.jfree.chart.plot.CombinedRangeCategoryPlotTest, 128, 113, 0.46887966804979253, 43, 9, 5, 4, 26, 9, January/3/2022/6:42, 13
org.jfree.chart.LegendItemCollectionTest, 32, 77, 0.7064220183486238, 30, 3, 3, 0, 10, 3, January/3/2022/6:42, 11
org.jfree.chart.renderer.category.AbstractCategoryItemRendererTest, 165, 130, 0.4406779661016949, 163, 11, 11, 0, 29, 11, January/3/2022/6:42, 10
org.jfree.chart.axis.CategoryAnchorTest, 23, 54, 0.7012987012987013, 21, 3, 3, 0, 5, 3, January/3/2022/6:42, 6
org.jfree.chart.renderer.DefaultPolarItemRendererTest, 35, 59, 0.6276595744680851, 33, 4, 4, 0, 9, 4, January/3/2022/6:42, 7
org.jfree.chart.block.RectangleConstraintTest, 42, 76, 0.6440677966101694, 39, 1, 1, 0, 2, 1, January/1/2022/2:44, 5
org.jfree.chart.plot.PlotTest, 61, 89, 0.5933333333333334, 59, 1, 1, 0, 15, 1, January/3/2022/6:42, 11
org.jfree.chart.block.BlockBorderTest, 25, 68, 0.7311827956989247, 23, 3, 3, 0, 4, 3, January/3/2022/6:42, 11
org.jfree.chart.labels.StandardCategorySeriesLabelGeneratorTest, 44, 77, 0.6363636363636364, 42, 6, 6, 0, 11, 6, January/3/2022/6:42, 10
org.jfree.chart.LineChartTest, 52, 110, 0.6790123456790124, 29, 6, 3, 3, 20, 8, January/3/2022/6:42, 9
org.jfree.chart.renderer.category.GradientBarPainterTest, 37, 60, 0.6185567010309279, 35, 4, 4, 0, 5, 4, January/3/2022/6:42, 9
org.jfree.chart.plot.pie.MultiplePiePlotTest, 83, 90, 0.5202312138728323, 77, 6, 5, 1, 27, 6, January/3/2022/6:42, 3
org.jfree.chart.renderer.xy.XYShapeRendererTest, 87, 72, 0.4528301886792453, 84, 5, 5, 0, 24, 5, January/3/2022/7:07, 12
org.jfree.chart.AreaChartTest, 57, 110, 0.6586826347305389, 29, 6, 3, 3, 21, 9, January/3/2022/6:42, 9
org.jfree.chart.internal.SerialUtilsTest$ObjectWithMapOfStroke, 17, 93, 0.8454545454545455, 0, 4, 0, 4, 4, 4, January/1/2022/2:44, 2
org.jfree.chart.TimeSeriesChartTest$LocalListener, 6, 147, 0.9607843137254902, 0, 1, 0, 1, 0, 1, January/3/2022/6:42, 8
org.jfree.chart.plot.dial.StandardDialRangeTest, 47, 68, 0.591304347826087, 45, 4, 4, 0, 16, 4, January/3/2022/6:42, 8
org.jfree.chart.renderer.RendererChangeDetector, 15, 68, 0.8192771084337349, 0, 4, 0, 4, 0, 4, January/1/2022/2:44, 2
org.jfree.chart.renderer.xy.XYLineAndShapeRendererTest, 159, 103, 0.3931297709923664, 157, 9, 9, 0, 43, 9, October/4/2021/4:45, 15
org.jfree.chart.renderer.xy.XYBubbleRendererTest, 72, 75, 0.5102040816326531, 70, 6, 6, 0, 15, 6, January/3/2022/6:42, 12
org.jfree.chart.plot.compass.LineNeedleTest, 20, 55, 0.7333333333333333, 18, 3, 3, 0, 6, 3, January/3/2022/6:42, 3
org.jfree.chart.StackedAreaChartTest, 57, 104, 0.6459627329192547, 29, 6, 3, 3, 21, 9, January/3/2022/6:42, 8
org.jfree.chart.labels.StandardXYToolTipGeneratorTest, 66, 71, 0.5182481751824818, 64, 5, 5, 0, 9, 5, January/3/2022/6:42, 9
org.jfree.chart.axis.LogarithmicAxisTest$MyLogarithmicAxis, 8, 197, 0.9609756097560975, 0, 2, 0, 2, 1, 2, January/1/2022/2:44, 7
org.jfree.chart.renderer.category.AreaRendererTest, 58, 80, 0.5797101449275363, 56, 6, 6, 0, 20, 6, January/3/2022/6:42, 14
org.jfree.chart.renderer.xy.StandardXYItemRendererTest, 128, 96, 0.42857142857142855, 126, 7, 7, 0, 40, 7, January/3/2022/6:42, 16
org.jfree.chart.renderer.LookupPaintScaleTest, 89, 77, 0.463855421686747, 86, 6, 6, 0, 12, 6, January/3/2022/6:42, 8
org.jfree.chart.plot.CategoryMarkerTest, 73, 101, 0.5804597701149425, 67, 6, 5, 1, 16, 7, January/3/2022/6:42, 8
org.jfree.chart.axis.CyclicNumberAxisTest, 52, 70, 0.5737704918032787, 50, 4, 4, 0, 16, 4, January/3/2022/6:42, 7
org.jfree.chart.annotations.XYBoxAnnotationTest, 95, 107, 0.5297029702970297, 69, 7, 6, 1, 15, 8, January/3/2022/6:42, 15
org.jfree.chart.plot.dial.DialBackgroundTest, 55, 79, 0.5895522388059702, 53, 4, 4, 0, 15, 4, January/3/2022/6:42, 12
org.jfree.chart.plot.dial.DialValueIndicatorTest, 87, 89, 0.5056818181818182, 85, 4, 4, 0, 26, 4, January/3/2022/6:42, 12
org.jfree.chart.plot.pie.PieLabelRecordTest, 46, 59, 0.5619047619047619, 44, 3, 3, 0, 6, 3, January/3/2022/6:42, 3
org.jfree.chart.renderer.category.GanttRendererTest, 53, 67, 0.5583333333333333, 51, 5, 5, 0, 14, 5, January/3/2022/6:42, 10
org.jfree.chart.StackedBarChartTest$LocalListener, 6, 157, 0.9631901840490797, 0, 1, 0, 1, 0, 1, January/3/2022/6:42, 9
org.jfree.chart.plot.dial.ArcDialFrameTest, 63, 75, 0.5434782608695652, 61, 4, 4, 0, 20, 4, January/3/2022/6:42, 8
org.jfree.chart.entity.CategoryLabelEntityTest, 35, 62, 0.6391752577319587, 33, 3, 3, 0, 10, 3, January/3/2022/6:42, 8
org.jfree.chart.block.AbstractBlockTest, 68, 57, 0.456, 66, 3, 3, 0, 17, 4, February/5/2022/8:19, 10
org.jfree.chart.internal.HashUtilsTest, 12, 45, 0.7894736842105263, 10, 1, 1, 0, 3, 1, January/3/2022/6:42, 3
org.jfree.chart.renderer.category.LineAndShapeRendererTest, 156, 94, 0.376, 101, 8, 7, 1, 32, 20, January/3/2022/6:42, 16
org.jfree.chart.plot.compass.ArrowNeedleTest, 24, 55, 0.6962025316455697, 22, 3, 3, 0, 7, 3, January/3/2022/6:42, 3
org.jfree.chart.text.format.LogFormatTest, 43, 60, 0.5825242718446602, 41, 4, 4, 0, 9, 4, January/3/2022/6:42, 3
org.jfree.chart.swing.CrosshairOverlayTest, 26, 61, 0.7011494252873564, 24, 3, 3, 0, 9, 3, January/3/2022/6:42, 4
org.jfree.chart.annotations.XYLineAnnotationTest, 102, 79, 0.43646408839779005, 99, 7, 7, 0, 16, 7, January/3/2022/6:42, 10
org.jfree.chart.swing.ChartPanelTest, 166, 164, 0.49696969696969695, 152, 19, 15, 4, 40, 20, January/3/2022/6:57, 4
org.jfree.chart.axis.SubCategoryAxisTest, 56, 80, 0.5882352941176471, 40, 5, 4, 1, 18, 6, January/3/2022/6:42, 9
org.jfree.chart.renderer.xy.StandardXYBarPainterTest, 25, 62, 0.7126436781609196, 23, 4, 4, 0, 4, 4, January/3/2022/6:42, 8
org.jfree.chart.urls.StandardPieURLGeneratorTest, 46, 64, 0.5818181818181818, 44, 4, 4, 0, 6, 4, January/3/2022/6:42, 10
org.jfree.chart.axis.MarkerAxisBandTest, 43, 55, 0.5612244897959183, 41, 3, 3, 0, 4, 3, January/3/2022/6:42, 6
org.jfree.chart.plot.DefaultDrawingSupplierTest, 83, 86, 0.5088757396449705, 81, 3, 3, 0, 12, 3, January/3/2022/6:42, 8
org.jfree.chart.title.ImageTitleTest, 5, 114, 0.957983193277311, 0, 1, 0, 1, 0, 1, January/1/2022/2:44, 5
org.jfree.chart.block.EmptyBlockTest, 34, 55, 0.6179775280898876, 32, 3, 3, 0, 9, 4, January/3/2022/6:42, 7
org.jfree.chart.renderer.GrayPaintScaleTest, 53, 66, 0.5546218487394958, 50, 5, 5, 0, 11, 5, January/3/2022/6:42, 8
org.jfree.chart.axis.MonthDateFormatTest, 53, 76, 0.5891472868217055, 51, 4, 4, 0, 9, 4, January/3/2022/6:42, 6
org.jfree.chart.block.LabelBlockTest, 49, 71, 0.5916666666666667, 47, 3, 3, 0, 11, 3, January/3/2022/6:42, 10
org.jfree.chart.labels.ItemLabelAnchorTest, 11, 50, 0.819672131147541, 9, 2, 2, 0, 4, 2, January/3/2022/6:42, 6
org.jfree.chart.labels.SymbolicXYItemLabelGeneratorTest, 30, 66, 0.6875, 28, 5, 5, 0, 8, 5, January/3/2022/6:42, 9
org.jfree.chart.legend.PaintScaleLegendTest, 68, 86, 0.5584415584415584, 66, 4, 4, 0, 19, 4, January/3/2022/6:42, 5
org.jfree.chart.annotations.XYDrawableAnnotationTest$TestDrawable, 18, 159, 0.8983050847457628, 0, 4, 0, 4, 1, 6, January/3/2022/6:42, 9
org.jfree.chart.labels.CustomXYItemLabelGeneratorTest, 28, 59, 0.6781609195402298, 26, 3, 3, 0, 9, 3, January/3/2022/6:42, 10
org.jfree.chart.XYStepChartTest, 55, 109, 0.6646341463414634, 24, 5, 2, 3, 19, 8, January/3/2022/6:42, 9
org.jfree.chart.renderer.xy.VectorRendererTest, 36, 66, 0.6470588235294118, 34, 5, 5, 0, 10, 5, January/3/2022/6:42, 9
org.jfree.chart.internal.LineUtilsTest, 76, 44, 0.36666666666666664, 57, 3, 2, 1, 10, 7, January/1/2022/2:44, 3
org.jfree.chart.axis.DateTickMarkPositionTest, 24, 54, 0.6923076923076923, 22, 3, 3, 0, 5, 3, January/3/2022/6:42, 6
org.jfree.chart.labels.IntervalCategoryItemLabelGeneratorTest, 38, 79, 0.6752136752136753, 36, 5, 5, 0, 10, 5, January/3/2022/6:42, 8
org.jfree.chart.renderer.category.StandardBarPainterTest, 25, 62, 0.7126436781609196, 23, 4, 4, 0, 4, 4, January/3/2022/6:42, 9
org.jfree.chart.title.ShortTextTitleTest, 31, 59, 0.6555555555555556, 29, 4, 4, 0, 9, 4, January/3/2022/6:42, 7
org.jfree.chart.ChartRenderingInfoTest, 50, 67, 0.5726495726495726, 48, 4, 4, 0, 16, 4, January/3/2022/6:42, 8
org.jfree.chart.plot.PolarPlotTest, 220, 95, 0.30158730158730157, 218, 8, 8, 0, 37, 8, January/3/2022/6:42, 12
org.jfree.chart.plot.ValueMarkerTest, 110, 91, 0.4527363184079602, 103, 7, 6, 1, 29, 8, January/3/2022/6:42, 12
org.jfree.chart.annotations.XYDrawableAnnotationTest, 69, 108, 0.6101694915254238, 49, 5, 5, 0, 9, 5, January/3/2022/6:42, 9
org.jfree.chart.renderer.xy.XYAreaRendererTest, 125, 91, 0.4212962962962963, 100, 7, 6, 1, 23, 8, January/3/2022/6:42, 14
org.jfree.chart.annotations.TextAnnotationTest, 77, 84, 0.5217391304347826, 62, 5, 3, 2, 12, 6, January/3/2022/6:42, 7
org.jfree.chart.labels.HighLowItemLabelGeneratorTest, 38, 71, 0.6513761467889908, 36, 5, 5, 0, 10, 5, January/3/2022/6:42, 9
org.jfree.chart.renderer.xy.HighLowRendererTest, 71, 86, 0.5477707006369427, 69, 6, 6, 0, 17, 6, January/3/2022/6:42, 11
