file,class,method,variable,usage
C:\Users\stefa\Desktop\IFT3913\TP2\IFT3913_TP1\..\..\jfreechart\src\test\java\org\jfree\data\xy\XYSeriesTest.java,org.jfree.data.xy.XYSeriesTest,testAdditionOfDuplicateXValues/0,EPSILON,5
C:\Users\stefa\Desktop\IFT3913\TP2\IFT3913_TP1\..\..\jfreechart\src\test\java\org\jfree\data\xy\XYSeriesTest.java,org.jfree.data.xy.XYSeriesTest,testAdd/0,EPSILON,7
C:\Users\stefa\Desktop\IFT3913\TP2\IFT3913_TP1\..\..\jfreechart\src\test\java\org\jfree\data\xy\XYSeriesTest.java,org.jfree.data.xy.XYSeriesTest,testDelete/0,EPSILON,6
C:\Users\stefa\Desktop\IFT3913\TP2\IFT3913_TP1\..\..\jfreechart\src\test\java\org\jfree\data\xy\XYSeriesTest.java,org.jfree.data.xy.XYSeriesTest,testAddOrUpdate2/0,EPSILON,2
C:\Users\stefa\Desktop\IFT3913\TP2\IFT3913_TP1\..\..\jfreechart\src\test\java\org\jfree\data\xy\XYSeriesTest.java,org.jfree.data.xy.XYSeriesTest,testGetMaxX/0,EPSILON,5
C:\Users\stefa\Desktop\IFT3913\TP2\IFT3913_TP1\..\..\jfreechart\src\test\java\org\jfree\data\xy\XYSeriesTest.java,org.jfree.data.xy.XYSeriesTest,testGetMinY/0,EPSILON,5
C:\Users\stefa\Desktop\IFT3913\TP2\IFT3913_TP1\..\..\jfreechart\src\test\java\org\jfree\data\xy\XYSeriesTest.java,org.jfree.data.xy.XYSeriesTest,testSetMaximumItemCount2/0,EPSILON,2
C:\Users\stefa\Desktop\IFT3913\TP2\IFT3913_TP1\..\..\jfreechart\src\test\java\org\jfree\data\xy\XYSeriesTest.java,org.jfree.data.xy.XYSeriesTest,testGetMaxY/0,EPSILON,5
C:\Users\stefa\Desktop\IFT3913\TP2\IFT3913_TP1\..\..\jfreechart\src\test\java\org\jfree\data\xy\XYSeriesTest.java,org.jfree.data.xy.XYSeriesTest,testGetMaxY2/0,EPSILON,2
C:\Users\stefa\Desktop\IFT3913\TP2\IFT3913_TP1\..\..\jfreechart\src\test\java\org\jfree\data\xy\XYSeriesTest.java,org.jfree.data.xy.XYSeriesTest,testSetMaximumItemCount/0,EPSILON,2
C:\Users\stefa\Desktop\IFT3913\TP2\IFT3913_TP1\..\..\jfreechart\src\test\java\org\jfree\data\xy\XYSeriesTest.java,org.jfree.data.xy.XYSeriesTest,testSetMaximumItemCount3/0,EPSILON,6
C:\Users\stefa\Desktop\IFT3913\TP2\IFT3913_TP1\..\..\jfreechart\src\test\java\org\jfree\data\xy\XYSeriesTest.java,org.jfree.data.xy.XYSeriesTest,testUpdateByIndex3/0,EPSILON,2
C:\Users\stefa\Desktop\IFT3913\TP2\IFT3913_TP1\..\..\jfreechart\src\test\java\org\jfree\data\xy\XYSeriesTest.java,org.jfree.data.xy.XYSeriesTest,testRemove2/0,EPSILON,8
C:\Users\stefa\Desktop\IFT3913\TP2\IFT3913_TP1\..\..\jfreechart\src\test\java\org\jfree\data\xy\XYSeriesTest.java,org.jfree.data.xy.XYSeriesTest,testToArray/0,EPSILON,3
C:\Users\stefa\Desktop\IFT3913\TP2\IFT3913_TP1\..\..\jfreechart\src\test\java\org\jfree\data\xy\XYSeriesTest.java,org.jfree.data.xy.XYSeriesTest,testUpdateByIndex2/0,EPSILON,6
C:\Users\stefa\Desktop\IFT3913\TP2\IFT3913_TP1\..\..\jfreechart\src\test\java\org\jfree\data\xy\XYSeriesTest.java,org.jfree.data.xy.XYSeriesTest,testUpdateByIndex/0,EPSILON,8
C:\Users\stefa\Desktop\IFT3913\TP2\IFT3913_TP1\..\..\jfreechart\src\test\java\org\jfree\data\xy\XYSeriesTest.java,org.jfree.data.xy.XYSeriesTest,testToArrayExample/0,EPSILON,7
C:\Users\stefa\Desktop\IFT3913\TP2\IFT3913_TP1\..\..\jfreechart\src\test\java\org\jfree\data\xy\XYSeriesTest.java,org.jfree.data.xy.XYSeriesTest,testSetMaximumItemCount4/0,EPSILON,6
C:\Users\stefa\Desktop\IFT3913\TP2\IFT3913_TP1\..\..\jfreechart\src\test\java\org\jfree\data\xy\XYSeriesTest.java,org.jfree.data.xy.XYSeriesTest,testUpdateXY/0,EPSILON,4
C:\Users\stefa\Desktop\IFT3913\TP2\IFT3913_TP1\..\..\jfreechart\src\test\java\org\jfree\data\xy\XYSeriesTest.java,org.jfree.data.xy.XYSeriesTest,testGetMinX/0,EPSILON,5
C:\Users\stefa\Desktop\IFT3913\TP2\IFT3913_TP1\..\..\jfreechart\src\test\java\org\jfree\chart\plot\flow\FlowPlotTest.java,org.jfree.chart.plot.flow.FlowPlotTest,plotChanged/1[org.jfree.chart.plot.flow.PlotChangeEvent],lastEvent,1
C:\Users\stefa\Desktop\IFT3913\TP2\IFT3913_TP1\..\..\jfreechart\src\test\java\org\jfree\chart\plot\flow\FlowPlotTest.java,org.jfree.chart.plot.flow.FlowPlotTest,setDefaultNodeColorTriggersChangeEvent/0,lastEvent,2
C:\Users\stefa\Desktop\IFT3913\TP2\IFT3913_TP1\..\..\jfreechart\src\test\java\org\jfree\chart\plot\flow\FlowPlotTest.java,org.jfree.chart.plot.flow.FlowPlotTest,setNodeMarginTriggersChangeEvent/0,lastEvent,2
C:\Users\stefa\Desktop\IFT3913\TP2\IFT3913_TP1\..\..\jfreechart\src\test\java\org\jfree\chart\plot\flow\FlowPlotTest.java,org.jfree.chart.plot.flow.FlowPlotTest,setDefaultNodeLabelOffsetYTriggersChangeEvent/0,lastEvent,2
C:\Users\stefa\Desktop\IFT3913\TP2\IFT3913_TP1\..\..\jfreechart\src\test\java\org\jfree\chart\plot\flow\FlowPlotTest.java,org.jfree.chart.plot.flow.FlowPlotTest,setNodeLabelAlignmentTriggersChangeEvent/0,lastEvent,2
C:\Users\stefa\Desktop\IFT3913\TP2\IFT3913_TP1\..\..\jfreechart\src\test\java\org\jfree\chart\plot\flow\FlowPlotTest.java,org.jfree.chart.plot.flow.FlowPlotTest,setFlowMarginTriggersChangeEvent/0,lastEvent,2
C:\Users\stefa\Desktop\IFT3913\TP2\IFT3913_TP1\..\..\jfreechart\src\test\java\org\jfree\chart\plot\flow\FlowPlotTest.java,org.jfree.chart.plot.flow.FlowPlotTest,setNodeFillColorTriggersChangeEvent/0,lastEvent,2
C:\Users\stefa\Desktop\IFT3913\TP2\IFT3913_TP1\..\..\jfreechart\src\test\java\org\jfree\chart\plot\flow\FlowPlotTest.java,org.jfree.chart.plot.flow.FlowPlotTest,setDefaultNodeLabelOffsetXTriggersChangeEvent/0,lastEvent,2
C:\Users\stefa\Desktop\IFT3913\TP2\IFT3913_TP1\..\..\jfreechart\src\test\java\org\jfree\chart\plot\flow\FlowPlotTest.java,org.jfree.chart.plot.flow.FlowPlotTest,setToolTipGeneratorTriggersChangeEvent/0,lastEvent,2
C:\Users\stefa\Desktop\IFT3913\TP2\IFT3913_TP1\..\..\jfreechart\src\test\java\org\jfree\chart\plot\flow\FlowPlotTest.java,org.jfree.chart.plot.flow.FlowPlotTest,setDefaultNodeLabelPaintTriggersChangeEvent/0,lastEvent,2
C:\Users\stefa\Desktop\IFT3913\TP2\IFT3913_TP1\..\..\jfreechart\src\test\java\org\jfree\chart\plot\flow\FlowPlotTest.java,org.jfree.chart.plot.flow.FlowPlotTest,setDefaultNodeLabelFontTriggersChangeEvent/0,lastEvent,2
C:\Users\stefa\Desktop\IFT3913\TP2\IFT3913_TP1\..\..\jfreechart\src\test\java\org\jfree\data\time\ohlc\OHLCSeriesCollectionTest.java,org.jfree.data.time.ohlc.OHLCSeriesCollectionTest,datasetChanged/1[org.jfree.data.time.ohlc.DatasetChangeEvent],lastEvent,1
C:\Users\stefa\Desktop\IFT3913\TP2\IFT3913_TP1\..\..\jfreechart\src\test\java\org\jfree\data\time\ohlc\OHLCSeriesCollectionTest.java,org.jfree.data.time.ohlc.OHLCSeriesCollectionTest,testRemoveAllSeries/0,lastEvent,4
C:\Users\stefa\Desktop\IFT3913\TP2\IFT3913_TP1\..\..\jfreechart\src\test\java\org\jfree\data\DefaultKeyedValues2DTest.java,org.jfree.data.DefaultKeyedValues2DTest,testGetValue2/0,EPSILON,2
C:\Users\stefa\Desktop\IFT3913\TP2\IFT3913_TP1\..\..\jfreechart\src\test\java\org\jfree\data\DefaultKeyedValues2DTest.java,org.jfree.data.DefaultKeyedValues2DTest,testRemoveColumnByKey/0,EPSILON,1
C:\Users\stefa\Desktop\IFT3913\TP2\IFT3913_TP1\..\..\jfreechart\src\test\java\org\jfree\chart\StackedAreaChartTest.java,org.jfree.chart.StackedAreaChartTest$LocalListener,chartChanged/1[org.jfree.chart.ChartChangeEvent],flag,1
C:\Users\stefa\Desktop\IFT3913\TP2\IFT3913_TP1\..\..\jfreechart\src\test\java\org\jfree\chart\renderer\xy\ClusteredXYBarRendererTest.java,org.jfree.chart.renderer.xy.ClusteredXYBarRendererTest,testFindDomainBounds/0,EPSILON,4
C:\Users\stefa\Desktop\IFT3913\TP2\IFT3913_TP1\..\..\jfreechart\src\test\java\org\jfree\chart\text\format\RelativeDateFormatTest.java,org.jfree.chart.text.format.RelativeDateFormatTest,tearDown/0,savedLocale,1
C:\Users\stefa\Desktop\IFT3913\TP2\IFT3913_TP1\..\..\jfreechart\src\test\java\org\jfree\chart\text\format\RelativeDateFormatTest.java,org.jfree.chart.text.format.RelativeDateFormatTest,setUp/0,savedLocale,1
C:\Users\stefa\Desktop\IFT3913\TP2\IFT3913_TP1\..\..\jfreechart\src\test\java\org\jfree\chart\BarChartTest.java,org.jfree.chart.BarChartTest,testReplaceDataset/0,chart,2
C:\Users\stefa\Desktop\IFT3913\TP2\IFT3913_TP1\..\..\jfreechart\src\test\java\org\jfree\chart\BarChartTest.java,org.jfree.chart.BarChartTest,testSetSeriesURLGenerator/0,chart,1
C:\Users\stefa\Desktop\IFT3913\TP2\IFT3913_TP1\..\..\jfreechart\src\test\java\org\jfree\chart\BarChartTest.java,org.jfree.chart.BarChartTest,testSetSeriesToolTipGenerator/0,chart,1
C:\Users\stefa\Desktop\IFT3913\TP2\IFT3913_TP1\..\..\jfreechart\src\test\java\org\jfree\chart\BarChartTest.java,org.jfree.chart.BarChartTest,testDrawWithNullInfo/0,chart,1
C:\Users\stefa\Desktop\IFT3913\TP2\IFT3913_TP1\..\..\jfreechart\src\test\java\org\jfree\chart\BarChartTest.java,org.jfree.chart.BarChartTest,setUp/0,chart,1
C:\Users\stefa\Desktop\IFT3913\TP2\IFT3913_TP1\..\..\jfreechart\src\test\java\org\jfree\chart\axis\LogarithmicAxisTest.java,org.jfree.chart.axis.LogarithmicAxisTest,testJava2DToValue/0,axis,4
C:\Users\stefa\Desktop\IFT3913\TP2\IFT3913_TP1\..\..\jfreechart\src\test\java\org\jfree\chart\axis\LogarithmicAxisTest.java,org.jfree.chart.axis.LogarithmicAxisTest,checkSwitchedLogPowRoundTrip/1[double],axis,4
C:\Users\stefa\Desktop\IFT3913\TP2\IFT3913_TP1\..\..\jfreechart\src\test\java\org\jfree\chart\axis\LogarithmicAxisTest.java,org.jfree.chart.axis.LogarithmicAxisTest,checkSwitchedLogPowRoundTrip/1[double],EPSILON,2
C:\Users\stefa\Desktop\IFT3913\TP2\IFT3913_TP1\..\..\jfreechart\src\test\java\org\jfree\chart\axis\LogarithmicAxisTest.java,org.jfree.chart.axis.LogarithmicAxisTest,testValueToJava2D/0,axis,4
C:\Users\stefa\Desktop\IFT3913\TP2\IFT3913_TP1\..\..\jfreechart\src\test\java\org\jfree\chart\axis\LogarithmicAxisTest.java,org.jfree.chart.axis.LogarithmicAxisTest,"checkPointsToValue/2[org.jfree.chart.axis.RectangleEdge,java.awt.geom.Rectangle2D]",axis,7
C:\Users\stefa\Desktop\IFT3913\TP2\IFT3913_TP1\..\..\jfreechart\src\test\java\org\jfree\chart\axis\LogarithmicAxisTest.java,org.jfree.chart.axis.LogarithmicAxisTest,"checkPointsToValue/2[org.jfree.chart.axis.RectangleEdge,java.awt.geom.Rectangle2D]",EPSILON,3
C:\Users\stefa\Desktop\IFT3913\TP2\IFT3913_TP1\..\..\jfreechart\src\test\java\org\jfree\chart\axis\LogarithmicAxisTest.java,org.jfree.chart.axis.LogarithmicAxisTest,"checkPointsToJava2D/2[org.jfree.chart.axis.RectangleEdge,java.awt.geom.Rectangle2D]",axis,7
C:\Users\stefa\Desktop\IFT3913\TP2\IFT3913_TP1\..\..\jfreechart\src\test\java\org\jfree\chart\axis\LogarithmicAxisTest.java,org.jfree.chart.axis.LogarithmicAxisTest,"checkPointsToJava2D/2[org.jfree.chart.axis.RectangleEdge,java.awt.geom.Rectangle2D]",EPSILON,3
C:\Users\stefa\Desktop\IFT3913\TP2\IFT3913_TP1\..\..\jfreechart\src\test\java\org\jfree\chart\axis\LogarithmicAxisTest.java,org.jfree.chart.axis.LogarithmicAxisTest,setUp/0,axis,7
C:\Users\stefa\Desktop\IFT3913\TP2\IFT3913_TP1\..\..\jfreechart\src\test\java\org\jfree\chart\axis\LogarithmicAxisTest.java,org.jfree.chart.axis.LogarithmicAxisTest,checkLogPowRoundTrip/1[double],axis,4
C:\Users\stefa\Desktop\IFT3913\TP2\IFT3913_TP1\..\..\jfreechart\src\test\java\org\jfree\chart\axis\LogarithmicAxisTest.java,org.jfree.chart.axis.LogarithmicAxisTest,checkLogPowRoundTrip/1[double],EPSILON,2
C:\Users\stefa\Desktop\IFT3913\TP2\IFT3913_TP1\..\..\jfreechart\src\test\java\org\jfree\chart\axis\LogarithmicAxisTest.java,org.jfree.chart.axis.LogarithmicAxisTest,testSwitchedLog10/0,axis,2
C:\Users\stefa\Desktop\IFT3913\TP2\IFT3913_TP1\..\..\jfreechart\src\test\java\org\jfree\chart\axis\LogarithmicAxisTest.java,org.jfree.chart.axis.LogarithmicAxisTest,testSwitchedLog10/0,EPSILON,1
C:\Users\stefa\Desktop\IFT3913\TP2\IFT3913_TP1\..\..\jfreechart\src\test\java\org\jfree\chart\plot\CombinedDomainXYPlotTest.java,org.jfree.chart.plot.CombinedDomainXYPlotTest,chartChanged/1[org.jfree.chart.plot.ChartChangeEvent],events,1
C:\Users\stefa\Desktop\IFT3913\TP2\IFT3913_TP1\..\..\jfreechart\src\test\java\org\jfree\chart\plot\CombinedDomainXYPlotTest.java,org.jfree.chart.plot.CombinedDomainXYPlotTest,testNotification/0,events,3
C:\Users\stefa\Desktop\IFT3913\TP2\IFT3913_TP1\..\..\jfreechart\src\test\java\org\jfree\chart\renderer\xy\AbstractXYItemRendererTest.java,org.jfree.chart.renderer.xy.AbstractXYItemRendererTest,testFindDomainBounds/0,EPSILON,2
C:\Users\stefa\Desktop\IFT3913\TP2\IFT3913_TP1\..\..\jfreechart\src\test\java\org\jfree\chart\renderer\AbstractRendererTest.java,org.jfree.chart.renderer.AbstractRendererTest$MyRendererChangeListener,MyRendererChangeListener/0,lastEvent,1
C:\Users\stefa\Desktop\IFT3913\TP2\IFT3913_TP1\..\..\jfreechart\src\test\java\org\jfree\chart\renderer\AbstractRendererTest.java,org.jfree.chart.renderer.AbstractRendererTest$MyRendererChangeListener,rendererChanged/1[org.jfree.chart.renderer.RendererChangeEvent],lastEvent,1
C:\Users\stefa\Desktop\IFT3913\TP2\IFT3913_TP1\..\..\jfreechart\src\test\java\org\jfree\data\DataUtilsTest.java,org.jfree.data.DataUtilsTest,testCalculateRowTotal2/0,EPSILON,10
C:\Users\stefa\Desktop\IFT3913\TP2\IFT3913_TP1\..\..\jfreechart\src\test\java\org\jfree\data\DataUtilsTest.java,org.jfree.data.DataUtilsTest,testCalculateColumnTotal2/0,EPSILON,9
C:\Users\stefa\Desktop\IFT3913\TP2\IFT3913_TP1\..\..\jfreechart\src\test\java\org\jfree\data\DataUtilsTest.java,org.jfree.data.DataUtilsTest,testCalculateRowTotal/0,EPSILON,3
C:\Users\stefa\Desktop\IFT3913\TP2\IFT3913_TP1\..\..\jfreechart\src\test\java\org\jfree\data\DataUtilsTest.java,org.jfree.data.DataUtilsTest,testCalculateColumnTotal/0,EPSILON,3
C:\Users\stefa\Desktop\IFT3913\TP2\IFT3913_TP1\..\..\jfreechart\src\test\java\org\jfree\data\xy\DefaultIntervalXYDatasetTest.java,org.jfree.data.xy.DefaultIntervalXYDatasetTest,testAddSeries/0,EPSILON,1
C:\Users\stefa\Desktop\IFT3913\TP2\IFT3913_TP1\..\..\jfreechart\src\test\java\org\jfree\data\xy\DefaultIntervalXYDatasetTest.java,org.jfree.data.xy.DefaultIntervalXYDatasetTest,testGetYValue/0,EPSILON,6
C:\Users\stefa\Desktop\IFT3913\TP2\IFT3913_TP1\..\..\jfreechart\src\test\java\org\jfree\data\xy\DefaultIntervalXYDatasetTest.java,org.jfree.data.xy.DefaultIntervalXYDatasetTest,testGetStartXValue/0,EPSILON,6
C:\Users\stefa\Desktop\IFT3913\TP2\IFT3913_TP1\..\..\jfreechart\src\test\java\org\jfree\data\xy\DefaultIntervalXYDatasetTest.java,org.jfree.data.xy.DefaultIntervalXYDatasetTest,testGetStartYValue/0,EPSILON,6
C:\Users\stefa\Desktop\IFT3913\TP2\IFT3913_TP1\..\..\jfreechart\src\test\java\org\jfree\data\xy\DefaultIntervalXYDatasetTest.java,org.jfree.data.xy.DefaultIntervalXYDatasetTest,testGetXValue/0,EPSILON,6
C:\Users\stefa\Desktop\IFT3913\TP2\IFT3913_TP1\..\..\jfreechart\src\test\java\org\jfree\data\xy\DefaultIntervalXYDatasetTest.java,org.jfree.data.xy.DefaultIntervalXYDatasetTest,testGetEndXValue/0,EPSILON,6
C:\Users\stefa\Desktop\IFT3913\TP2\IFT3913_TP1\..\..\jfreechart\src\test\java\org\jfree\data\xy\DefaultIntervalXYDatasetTest.java,org.jfree.data.xy.DefaultIntervalXYDatasetTest,testGetEndYValue/0,EPSILON,6
C:\Users\stefa\Desktop\IFT3913\TP2\IFT3913_TP1\..\..\jfreechart\src\test\java\org\jfree\data\time\MonthTest.java,org.jfree.data.time.MonthTest,setUp/0,jan1900,1
C:\Users\stefa\Desktop\IFT3913\TP2\IFT3913_TP1\..\..\jfreechart\src\test\java\org\jfree\data\time\MonthTest.java,org.jfree.data.time.MonthTest,setUp/0,dec9999,1
C:\Users\stefa\Desktop\IFT3913\TP2\IFT3913_TP1\..\..\jfreechart\src\test\java\org\jfree\data\time\MonthTest.java,org.jfree.data.time.MonthTest,setUp/0,nov9999,1
C:\Users\stefa\Desktop\IFT3913\TP2\IFT3913_TP1\..\..\jfreechart\src\test\java\org\jfree\data\time\MonthTest.java,org.jfree.data.time.MonthTest,setUp/0,feb1900,1
C:\Users\stefa\Desktop\IFT3913\TP2\IFT3913_TP1\..\..\jfreechart\src\test\java\org\jfree\data\time\MonthTest.java,org.jfree.data.time.MonthTest,testJan1900Next/0,jan1900,1
C:\Users\stefa\Desktop\IFT3913\TP2\IFT3913_TP1\..\..\jfreechart\src\test\java\org\jfree\data\time\MonthTest.java,org.jfree.data.time.MonthTest,testJan1900Next/0,feb1900,1
C:\Users\stefa\Desktop\IFT3913\TP2\IFT3913_TP1\..\..\jfreechart\src\test\java\org\jfree\data\time\MonthTest.java,org.jfree.data.time.MonthTest,testDec9999Previous/0,dec9999,1
C:\Users\stefa\Desktop\IFT3913\TP2\IFT3913_TP1\..\..\jfreechart\src\test\java\org\jfree\data\time\MonthTest.java,org.jfree.data.time.MonthTest,testDec9999Previous/0,nov9999,1
C:\Users\stefa\Desktop\IFT3913\TP2\IFT3913_TP1\..\..\jfreechart\src\test\java\org\jfree\data\time\MonthTest.java,org.jfree.data.time.MonthTest,testJan1900Previous/0,jan1900,1
C:\Users\stefa\Desktop\IFT3913\TP2\IFT3913_TP1\..\..\jfreechart\src\test\java\org\jfree\data\time\MonthTest.java,org.jfree.data.time.MonthTest,testDec9999Next/0,dec9999,1
C:\Users\stefa\Desktop\IFT3913\TP2\IFT3913_TP1\..\..\jfreechart\src\test\java\org\jfree\chart\WaterfallChartTest.java,org.jfree.chart.WaterfallChartTest,testSetSeriesURLGenerator/0,chart,1
C:\Users\stefa\Desktop\IFT3913\TP2\IFT3913_TP1\..\..\jfreechart\src\test\java\org\jfree\chart\WaterfallChartTest.java,org.jfree.chart.WaterfallChartTest,testSetSeriesToolTipGenerator/0,chart,1
C:\Users\stefa\Desktop\IFT3913\TP2\IFT3913_TP1\..\..\jfreechart\src\test\java\org\jfree\chart\WaterfallChartTest.java,org.jfree.chart.WaterfallChartTest,setUp/0,chart,1
C:\Users\stefa\Desktop\IFT3913\TP2\IFT3913_TP1\..\..\jfreechart\src\test\java\org\jfree\chart\WaterfallChartTest.java,org.jfree.chart.WaterfallChartTest,testDrawWithNullInfo/0,chart,1
C:\Users\stefa\Desktop\IFT3913\TP2\IFT3913_TP1\..\..\jfreechart\src\test\java\org\jfree\chart\PieChartTest.java,org.jfree.chart.PieChartTest$LocalListener,chartChanged/1[org.jfree.chart.ChartChangeEvent],flag,1
C:\Users\stefa\Desktop\IFT3913\TP2\IFT3913_TP1\..\..\jfreechart\src\test\java\org\jfree\data\xy\DefaultXYDatasetTest.java,org.jfree.data.xy.DefaultXYDatasetTest,testAddSeries/0,EPSILON,1
C:\Users\stefa\Desktop\IFT3913\TP2\IFT3913_TP1\..\..\jfreechart\src\test\java\org\jfree\chart\AreaChartTest.java,org.jfree.chart.AreaChartTest$LocalListener,chartChanged/1[org.jfree.chart.ChartChangeEvent],flag,1
C:\Users\stefa\Desktop\IFT3913\TP2\IFT3913_TP1\..\..\jfreechart\src\test\java\org\jfree\chart\axis\ValueAxisTest.java,org.jfree.chart.axis.ValueAxisTest,testAxisMargins/0,EPSILON,2
C:\Users\stefa\Desktop\IFT3913\TP2\IFT3913_TP1\..\..\jfreechart\src\test\java\org\jfree\data\time\ohlc\OHLCSeriesTest.java,org.jfree.data.time.ohlc.OHLCSeriesTest,testClear/0,lastEvent,2
C:\Users\stefa\Desktop\IFT3913\TP2\IFT3913_TP1\..\..\jfreechart\src\test\java\org\jfree\data\time\ohlc\OHLCSeriesTest.java,org.jfree.data.time.ohlc.OHLCSeriesTest,seriesChanged/1[org.jfree.data.time.ohlc.SeriesChangeEvent],lastEvent,1
C:\Users\stefa\Desktop\IFT3913\TP2\IFT3913_TP1\..\..\jfreechart\src\test\java\org\jfree\data\xy\XIntervalSeriesTest.java,org.jfree.data.xy.XIntervalSeriesTest,testGetXHighValue/0,EPSILON,2
C:\Users\stefa\Desktop\IFT3913\TP2\IFT3913_TP1\..\..\jfreechart\src\test\java\org\jfree\data\xy\XIntervalSeriesTest.java,org.jfree.data.xy.XIntervalSeriesTest,testAdd/0,EPSILON,7
C:\Users\stefa\Desktop\IFT3913\TP2\IFT3913_TP1\..\..\jfreechart\src\test\java\org\jfree\data\xy\XIntervalSeriesTest.java,org.jfree.data.xy.XIntervalSeriesTest,testClear/0,lastEvent,2
C:\Users\stefa\Desktop\IFT3913\TP2\IFT3913_TP1\..\..\jfreechart\src\test\java\org\jfree\data\xy\XIntervalSeriesTest.java,org.jfree.data.xy.XIntervalSeriesTest,testSetMaximumItemCount/0,EPSILON,2
C:\Users\stefa\Desktop\IFT3913\TP2\IFT3913_TP1\..\..\jfreechart\src\test\java\org\jfree\data\xy\XIntervalSeriesTest.java,org.jfree.data.xy.XIntervalSeriesTest,testGetXLowValue/0,EPSILON,2
C:\Users\stefa\Desktop\IFT3913\TP2\IFT3913_TP1\..\..\jfreechart\src\test\java\org\jfree\data\xy\XIntervalSeriesTest.java,org.jfree.data.xy.XIntervalSeriesTest,testAdditionOfDuplicateXValues/0,EPSILON,5
C:\Users\stefa\Desktop\IFT3913\TP2\IFT3913_TP1\..\..\jfreechart\src\test\java\org\jfree\data\xy\XIntervalSeriesTest.java,org.jfree.data.xy.XIntervalSeriesTest,seriesChanged/1[org.jfree.data.xy.SeriesChangeEvent],lastEvent,1
C:\Users\stefa\Desktop\IFT3913\TP2\IFT3913_TP1\..\..\jfreechart\src\test\java\org\jfree\data\xy\XIntervalSeriesTest.java,org.jfree.data.xy.XIntervalSeriesTest,testSetMaximumItemCount2/0,EPSILON,2
C:\Users\stefa\Desktop\IFT3913\TP2\IFT3913_TP1\..\..\jfreechart\src\test\java\org\jfree\chart\plot\dial\StandardDialScaleTest.java,org.jfree.chart.plot.dial.StandardDialScaleTest,testAngleToValue/0,EPSILON,8
C:\Users\stefa\Desktop\IFT3913\TP2\IFT3913_TP1\..\..\jfreechart\src\test\java\org\jfree\chart\plot\dial\StandardDialScaleTest.java,org.jfree.chart.plot.dial.StandardDialScaleTest,testValueToAngle/0,EPSILON,8
C:\Users\stefa\Desktop\IFT3913\TP2\IFT3913_TP1\..\..\jfreechart\src\test\java\org\jfree\chart\TimeSeriesChartTest.java,org.jfree.chart.TimeSeriesChartTest,testReplaceDataset/0,chart,2
C:\Users\stefa\Desktop\IFT3913\TP2\IFT3913_TP1\..\..\jfreechart\src\test\java\org\jfree\chart\TimeSeriesChartTest.java,org.jfree.chart.TimeSeriesChartTest,testDrawWithNullInfo/0,chart,1
C:\Users\stefa\Desktop\IFT3913\TP2\IFT3913_TP1\..\..\jfreechart\src\test\java\org\jfree\chart\TimeSeriesChartTest.java,org.jfree.chart.TimeSeriesChartTest,setUp/0,chart,1
C:\Users\stefa\Desktop\IFT3913\TP2\IFT3913_TP1\..\..\jfreechart\src\test\java\org\jfree\chart\TimeSeriesChartTest.java,org.jfree.chart.TimeSeriesChartTest,testSetSeriesToolTipGenerator/0,chart,1
C:\Users\stefa\Desktop\IFT3913\TP2\IFT3913_TP1\..\..\jfreechart\src\test\java\org\jfree\data\xy\YIntervalSeriesTest.java,org.jfree.data.xy.YIntervalSeriesTest,testAdditionOfDuplicateXValues/0,EPSILON,5
C:\Users\stefa\Desktop\IFT3913\TP2\IFT3913_TP1\..\..\jfreechart\src\test\java\org\jfree\data\xy\YIntervalSeriesTest.java,org.jfree.data.xy.YIntervalSeriesTest,seriesChanged/1[org.jfree.data.xy.SeriesChangeEvent],lastEvent,1
C:\Users\stefa\Desktop\IFT3913\TP2\IFT3913_TP1\..\..\jfreechart\src\test\java\org\jfree\data\xy\YIntervalSeriesTest.java,org.jfree.data.xy.YIntervalSeriesTest,testAdd/0,EPSILON,7
C:\Users\stefa\Desktop\IFT3913\TP2\IFT3913_TP1\..\..\jfreechart\src\test\java\org\jfree\data\xy\YIntervalSeriesTest.java,org.jfree.data.xy.YIntervalSeriesTest,testSetMaximumItemCount/0,EPSILON,2
C:\Users\stefa\Desktop\IFT3913\TP2\IFT3913_TP1\..\..\jfreechart\src\test\java\org\jfree\data\xy\YIntervalSeriesTest.java,org.jfree.data.xy.YIntervalSeriesTest,testClear/0,lastEvent,2
C:\Users\stefa\Desktop\IFT3913\TP2\IFT3913_TP1\..\..\jfreechart\src\test\java\org\jfree\data\xy\YIntervalSeriesTest.java,org.jfree.data.xy.YIntervalSeriesTest,testSetMaximumItemCount2/0,EPSILON,2
C:\Users\stefa\Desktop\IFT3913\TP2\IFT3913_TP1\..\..\jfreechart\src\test\java\org\jfree\chart\renderer\OutlierTest.java,org.jfree.chart.renderer.OutlierTest,testConstructor/0,EPSILON,3
C:\Users\stefa\Desktop\IFT3913\TP2\IFT3913_TP1\..\..\jfreechart\src\test\java\org\jfree\data\xy\DefaultOHLCDatasetTest.java,org.jfree.data.xy.DefaultOHLCDatasetTest,testDataRange/0,EPSILON,2
C:\Users\stefa\Desktop\IFT3913\TP2\IFT3913_TP1\..\..\jfreechart\src\test\java\org\jfree\chart\ScatterPlotTest.java,org.jfree.chart.ScatterPlotTest$LocalListener,chartChanged/1[org.jfree.chart.ChartChangeEvent],flag,1
C:\Users\stefa\Desktop\IFT3913\TP2\IFT3913_TP1\..\..\jfreechart\src\test\java\org\jfree\chart\XYAreaChartTest.java,org.jfree.chart.XYAreaChartTest$LocalListener,chartChanged/1[org.jfree.chart.ChartChangeEvent],flag,1
C:\Users\stefa\Desktop\IFT3913\TP2\IFT3913_TP1\..\..\jfreechart\src\test\java\org\jfree\data\time\TimeTableXYDatasetTest.java,org.jfree.data.time.TimeTableXYDatasetTest,testStandard/0,DELTA,2
C:\Users\stefa\Desktop\IFT3913\TP2\IFT3913_TP1\..\..\jfreechart\src\test\java\org\jfree\data\function\LineFunction2DTest.java,org.jfree.data.function.LineFunction2DTest,testConstructor/0,EPSILON,2
C:\Users\stefa\Desktop\IFT3913\TP2\IFT3913_TP1\..\..\jfreechart\src\test\java\org\jfree\chart\ScatterPlotTest.java,org.jfree.chart.ScatterPlotTest,testReplaceDataset/0,chart,2
C:\Users\stefa\Desktop\IFT3913\TP2\IFT3913_TP1\..\..\jfreechart\src\test\java\org\jfree\chart\ScatterPlotTest.java,org.jfree.chart.ScatterPlotTest,testSetSeriesToolTipGenerator/0,chart,1
C:\Users\stefa\Desktop\IFT3913\TP2\IFT3913_TP1\..\..\jfreechart\src\test\java\org\jfree\chart\ScatterPlotTest.java,org.jfree.chart.ScatterPlotTest,testDrawWithNullInfo/0,chart,1
C:\Users\stefa\Desktop\IFT3913\TP2\IFT3913_TP1\..\..\jfreechart\src\test\java\org\jfree\chart\ScatterPlotTest.java,org.jfree.chart.ScatterPlotTest,setUp/0,chart,1
C:\Users\stefa\Desktop\IFT3913\TP2\IFT3913_TP1\..\..\jfreechart\src\test\java\org\jfree\chart\XYStepChartTest.java,org.jfree.chart.XYStepChartTest$LocalListener,chartChanged/1[org.jfree.chart.ChartChangeEvent],flag,1
C:\Users\stefa\Desktop\IFT3913\TP2\IFT3913_TP1\..\..\jfreechart\src\test\java\org\jfree\chart\plot\MarkerTest.java,org.jfree.chart.plot.MarkerTest,testGetSetLabel/0,lastEvent,2
C:\Users\stefa\Desktop\IFT3913\TP2\IFT3913_TP1\..\..\jfreechart\src\test\java\org\jfree\chart\plot\MarkerTest.java,org.jfree.chart.plot.MarkerTest,testGetSetAlpha/0,lastEvent,2
C:\Users\stefa\Desktop\IFT3913\TP2\IFT3913_TP1\..\..\jfreechart\src\test\java\org\jfree\chart\plot\MarkerTest.java,org.jfree.chart.plot.MarkerTest,testGetSetAlpha/0,EPSILON,2
C:\Users\stefa\Desktop\IFT3913\TP2\IFT3913_TP1\..\..\jfreechart\src\test\java\org\jfree\chart\plot\MarkerTest.java,org.jfree.chart.plot.MarkerTest,testGetSetOutlineStroke/0,lastEvent,2
C:\Users\stefa\Desktop\IFT3913\TP2\IFT3913_TP1\..\..\jfreechart\src\test\java\org\jfree\chart\plot\MarkerTest.java,org.jfree.chart.plot.MarkerTest,testGetSetLabelFont/0,lastEvent,2
C:\Users\stefa\Desktop\IFT3913\TP2\IFT3913_TP1\..\..\jfreechart\src\test\java\org\jfree\chart\plot\MarkerTest.java,org.jfree.chart.plot.MarkerTest,testGetSetPaint/0,lastEvent,2
C:\Users\stefa\Desktop\IFT3913\TP2\IFT3913_TP1\..\..\jfreechart\src\test\java\org\jfree\chart\plot\MarkerTest.java,org.jfree.chart.plot.MarkerTest,testGetSetLabelOffsetType/0,lastEvent,2
C:\Users\stefa\Desktop\IFT3913\TP2\IFT3913_TP1\..\..\jfreechart\src\test\java\org\jfree\chart\plot\MarkerTest.java,org.jfree.chart.plot.MarkerTest,testGetSetOutlinePaint/0,lastEvent,2
C:\Users\stefa\Desktop\IFT3913\TP2\IFT3913_TP1\..\..\jfreechart\src\test\java\org\jfree\chart\plot\MarkerTest.java,org.jfree.chart.plot.MarkerTest,testGetSetLabelTextAnchor/0,lastEvent,2
C:\Users\stefa\Desktop\IFT3913\TP2\IFT3913_TP1\..\..\jfreechart\src\test\java\org\jfree\chart\plot\MarkerTest.java,org.jfree.chart.plot.MarkerTest,testGetSetLabelOffset/0,lastEvent,2
C:\Users\stefa\Desktop\IFT3913\TP2\IFT3913_TP1\..\..\jfreechart\src\test\java\org\jfree\chart\plot\MarkerTest.java,org.jfree.chart.plot.MarkerTest,testGetSetLabelAnchor/0,lastEvent,2
C:\Users\stefa\Desktop\IFT3913\TP2\IFT3913_TP1\..\..\jfreechart\src\test\java\org\jfree\chart\plot\MarkerTest.java,org.jfree.chart.plot.MarkerTest,testGetSetStroke/0,lastEvent,2
C:\Users\stefa\Desktop\IFT3913\TP2\IFT3913_TP1\..\..\jfreechart\src\test\java\org\jfree\chart\plot\MarkerTest.java,org.jfree.chart.plot.MarkerTest,testGetSetLabelPaint/0,lastEvent,2
C:\Users\stefa\Desktop\IFT3913\TP2\IFT3913_TP1\..\..\jfreechart\src\test\java\org\jfree\chart\plot\MarkerTest.java,org.jfree.chart.plot.MarkerTest,markerChanged/1[org.jfree.chart.plot.MarkerChangeEvent],lastEvent,1
C:\Users\stefa\Desktop\IFT3913\TP2\IFT3913_TP1\..\..\jfreechart\src\test\java\org\jfree\chart\XYBarChartTest.java,org.jfree.chart.XYBarChartTest$LocalListener,chartChanged/1[org.jfree.chart.ChartChangeEvent],flag,1
C:\Users\stefa\Desktop\IFT3913\TP2\IFT3913_TP1\..\..\jfreechart\src\test\java\org\jfree\chart\plot\CombinedDomainCategoryPlotTest.java,org.jfree.chart.plot.CombinedDomainCategoryPlotTest,chartChanged/1[org.jfree.chart.plot.ChartChangeEvent],events,1
C:\Users\stefa\Desktop\IFT3913\TP2\IFT3913_TP1\..\..\jfreechart\src\test\java\org\jfree\chart\plot\CombinedDomainCategoryPlotTest.java,org.jfree.chart.plot.CombinedDomainCategoryPlotTest,testNotification/0,events,3
C:\Users\stefa\Desktop\IFT3913\TP2\IFT3913_TP1\..\..\jfreechart\src\test\java\org\jfree\data\xy\DefaultXYZDatasetTest.java,org.jfree.data.xy.DefaultXYZDatasetTest,testAddSeries/0,EPSILON,1
C:\Users\stefa\Desktop\IFT3913\TP2\IFT3913_TP1\..\..\jfreechart\src\test\java\org\jfree\chart\axis\CategoryLabelPositionsTest.java,org.jfree.chart.axis.CategoryLabelPositionsTest,testHashCode/0,RA_TOP,8
C:\Users\stefa\Desktop\IFT3913\TP2\IFT3913_TP1\..\..\jfreechart\src\test\java\org\jfree\chart\axis\CategoryLabelPositionsTest.java,org.jfree.chart.axis.CategoryLabelPositionsTest,testEquals/0,RA_BOTTOM,20
C:\Users\stefa\Desktop\IFT3913\TP2\IFT3913_TP1\..\..\jfreechart\src\test\java\org\jfree\chart\axis\CategoryLabelPositionsTest.java,org.jfree.chart.axis.CategoryLabelPositionsTest,testEquals/0,RA_TOP,20
C:\Users\stefa\Desktop\IFT3913\TP2\IFT3913_TP1\..\..\jfreechart\src\test\java\org\jfree\data\general\DefaultPieDatasetTest.java,org.jfree.data.general.DefaultPieDatasetTest,datasetChanged/1[org.jfree.data.general.DatasetChangeEvent],lastEvent,1
C:\Users\stefa\Desktop\IFT3913\TP2\IFT3913_TP1\..\..\jfreechart\src\test\java\org\jfree\data\general\DefaultPieDatasetTest.java,org.jfree.data.general.DefaultPieDatasetTest,testClear/0,lastEvent,3
C:\Users\stefa\Desktop\IFT3913\TP2\IFT3913_TP1\..\..\jfreechart\src\test\java\org\jfree\chart\renderer\xy\XYBarRendererTest.java,org.jfree.chart.renderer.xy.XYBarRendererTest,testFindRangeBounds2/0,EPSILON,4
C:\Users\stefa\Desktop\IFT3913\TP2\IFT3913_TP1\..\..\jfreechart\src\test\java\org\jfree\chart\renderer\xy\XYBarRendererTest.java,org.jfree.chart.renderer.xy.XYBarRendererTest,testFindRangeBounds/0,EPSILON,4
C:\Users\stefa\Desktop\IFT3913\TP2\IFT3913_TP1\..\..\jfreechart\src\test\java\org\jfree\chart\renderer\xy\XYBarRendererTest.java,org.jfree.chart.renderer.xy.XYBarRendererTest,testFindDomainBounds2/0,EPSILON,4
C:\Users\stefa\Desktop\IFT3913\TP2\IFT3913_TP1\..\..\jfreechart\src\test\java\org\jfree\chart\PieChartTest.java,org.jfree.chart.PieChartTest,setUp/0,pieChart,1
C:\Users\stefa\Desktop\IFT3913\TP2\IFT3913_TP1\..\..\jfreechart\src\test\java\org\jfree\chart\PieChartTest.java,org.jfree.chart.PieChartTest,testReplaceDatasetOnPieChart/0,pieChart,2
C:\Users\stefa\Desktop\IFT3913\TP2\IFT3913_TP1\..\..\jfreechart\src\test\java\org\jfree\chart\XYAreaChartTest.java,org.jfree.chart.XYAreaChartTest,testReplaceDataset/0,chart,2
C:\Users\stefa\Desktop\IFT3913\TP2\IFT3913_TP1\..\..\jfreechart\src\test\java\org\jfree\chart\XYAreaChartTest.java,org.jfree.chart.XYAreaChartTest,testDrawWithNullInfo/0,chart,1
C:\Users\stefa\Desktop\IFT3913\TP2\IFT3913_TP1\..\..\jfreechart\src\test\java\org\jfree\chart\XYAreaChartTest.java,org.jfree.chart.XYAreaChartTest,setUp/0,chart,1
C:\Users\stefa\Desktop\IFT3913\TP2\IFT3913_TP1\..\..\jfreechart\src\test\java\org\jfree\chart\XYAreaChartTest.java,org.jfree.chart.XYAreaChartTest,testSetSeriesToolTipGenerator/0,chart,1
C:\Users\stefa\Desktop\IFT3913\TP2\IFT3913_TP1\..\..\jfreechart\src\test\java\org\jfree\chart\GanttChartTest.java,org.jfree.chart.GanttChartTest$LocalListener,chartChanged/1[org.jfree.chart.ChartChangeEvent],flag,1
C:\Users\stefa\Desktop\IFT3913\TP2\IFT3913_TP1\..\..\jfreechart\src\test\java\org\jfree\data\time\TimeSeriesCollectionTest.java,org.jfree.data.time.TimeSeriesCollectionTest,testFindDomainBounds/0,EPSILON,6
C:\Users\stefa\Desktop\IFT3913\TP2\IFT3913_TP1\..\..\jfreechart\src\test\java\org\jfree\data\time\TimeSeriesCollectionTest.java,org.jfree.data.time.TimeSeriesCollectionTest,testBug3445507/0,EPSILON,2
C:\Users\stefa\Desktop\IFT3913\TP2\IFT3913_TP1\..\..\jfreechart\src\test\java\org\jfree\chart\plot\CombinedRangeCategoryPlotTest.java,org.jfree.chart.plot.CombinedRangeCategoryPlotTest,chartChanged/1[org.jfree.chart.plot.ChartChangeEvent],events,1
C:\Users\stefa\Desktop\IFT3913\TP2\IFT3913_TP1\..\..\jfreechart\src\test\java\org\jfree\chart\plot\CombinedRangeCategoryPlotTest.java,org.jfree.chart.plot.CombinedRangeCategoryPlotTest,testNotification/0,events,3
C:\Users\stefa\Desktop\IFT3913\TP2\IFT3913_TP1\..\..\jfreechart\src\test\java\org\jfree\data\statistics\HistogramDatasetTest.java,org.jfree.data.statistics.HistogramDatasetTest,testBins/0,EPSILON,5
C:\Users\stefa\Desktop\IFT3913\TP2\IFT3913_TP1\..\..\jfreechart\src\test\java\org\jfree\data\statistics\HistogramDatasetTest.java,org.jfree.data.statistics.HistogramDatasetTest,testBinBoundaries/0,EPSILON,3
C:\Users\stefa\Desktop\IFT3913\TP2\IFT3913_TP1\..\..\jfreechart\src\test\java\org\jfree\data\statistics\HistogramDatasetTest.java,org.jfree.data.statistics.HistogramDatasetTest,testAddSeries/0,EPSILON,6
C:\Users\stefa\Desktop\IFT3913\TP2\IFT3913_TP1\..\..\jfreechart\src\test\java\org\jfree\data\statistics\HistogramDatasetTest.java,org.jfree.data.statistics.HistogramDatasetTest,test2902842/0,lastEvent,2
C:\Users\stefa\Desktop\IFT3913\TP2\IFT3913_TP1\..\..\jfreechart\src\test\java\org\jfree\data\statistics\HistogramDatasetTest.java,org.jfree.data.statistics.HistogramDatasetTest,testAddSeries2/0,EPSILON,15
C:\Users\stefa\Desktop\IFT3913\TP2\IFT3913_TP1\..\..\jfreechart\src\test\java\org\jfree\data\statistics\HistogramDatasetTest.java,org.jfree.data.statistics.HistogramDatasetTest,datasetChanged/1[org.jfree.data.statistics.DatasetChangeEvent],lastEvent,1
C:\Users\stefa\Desktop\IFT3913\TP2\IFT3913_TP1\..\..\jfreechart\src\test\java\org\jfree\data\statistics\HistogramDatasetTest.java,org.jfree.data.statistics.HistogramDatasetTest,test1553088/0,EPSILON,6
C:\Users\stefa\Desktop\IFT3913\TP2\IFT3913_TP1\..\..\jfreechart\src\test\java\org\jfree\data\DatasetChangeConfirmation.java,org.jfree.data.DatasetChangeConfirmation,datasetChanged/1[org.jfree.data.DatasetChangeEvent],event,3
C:\Users\stefa\Desktop\IFT3913\TP2\IFT3913_TP1\..\..\jfreechart\src\test\java\org\jfree\chart\plot\pie\MultiplePiePlotTest.java,org.jfree.chart.plot.pie.MultiplePiePlotTest,plotChanged/1[org.jfree.chart.plot.pie.PlotChangeEvent],lastEvent,1
C:\Users\stefa\Desktop\IFT3913\TP2\IFT3913_TP1\..\..\jfreechart\src\test\java\org\jfree\chart\renderer\xy\XYShapeRendererTest.java,org.jfree.chart.renderer.xy.XYShapeRendererTest,testFindZBounds/0,EPSILON,6
C:\Users\stefa\Desktop\IFT3913\TP2\IFT3913_TP1\..\..\jfreechart\src\test\java\org\jfree\chart\renderer\xy\XYShapeRendererTest.java,org.jfree.chart.renderer.xy.XYShapeRendererTest,test3026341/0,EPSILON,2
C:\Users\stefa\Desktop\IFT3913\TP2\IFT3913_TP1\..\..\jfreechart\src\test\java\org\jfree\data\statistics\BoxAndWhiskerCalculatorTest.java,org.jfree.data.statistics.BoxAndWhiskerCalculatorTest,testCalculateQ1/0,EPSILON,4
C:\Users\stefa\Desktop\IFT3913\TP2\IFT3913_TP1\..\..\jfreechart\src\test\java\org\jfree\data\statistics\BoxAndWhiskerCalculatorTest.java,org.jfree.data.statistics.BoxAndWhiskerCalculatorTest,test1593149/0,EPSILON,2
C:\Users\stefa\Desktop\IFT3913\TP2\IFT3913_TP1\..\..\jfreechart\src\test\java\org\jfree\data\statistics\BoxAndWhiskerCalculatorTest.java,org.jfree.data.statistics.BoxAndWhiskerCalculatorTest,testCalculateBoxAndWhiskerStatistics/0,EPSILON,4
C:\Users\stefa\Desktop\IFT3913\TP2\IFT3913_TP1\..\..\jfreechart\src\test\java\org\jfree\data\statistics\BoxAndWhiskerCalculatorTest.java,org.jfree.data.statistics.BoxAndWhiskerCalculatorTest,testCalculateQ3/0,EPSILON,4
C:\Users\stefa\Desktop\IFT3913\TP2\IFT3913_TP1\..\..\jfreechart\src\test\java\org\jfree\chart\renderer\LookupPaintScaleTest.java,org.jfree.chart.renderer.LookupPaintScaleTest,testConstructor1/0,EPSILON,2
C:\Users\stefa\Desktop\IFT3913\TP2\IFT3913_TP1\..\..\jfreechart\src\test\java\org\jfree\chart\renderer\LookupPaintScaleTest.java,org.jfree.chart.renderer.LookupPaintScaleTest,testConstructor2/0,EPSILON,2
C:\Users\stefa\Desktop\IFT3913\TP2\IFT3913_TP1\..\..\jfreechart\src\test\java\org\jfree\chart\plot\CategoryMarkerTest.java,org.jfree.chart.plot.CategoryMarkerTest,markerChanged/1[org.jfree.chart.plot.MarkerChangeEvent],lastEvent,1
C:\Users\stefa\Desktop\IFT3913\TP2\IFT3913_TP1\..\..\jfreechart\src\test\java\org\jfree\chart\plot\CategoryMarkerTest.java,org.jfree.chart.plot.CategoryMarkerTest,testGetSetDrawAsLine/0,lastEvent,2
C:\Users\stefa\Desktop\IFT3913\TP2\IFT3913_TP1\..\..\jfreechart\src\test\java\org\jfree\chart\plot\CategoryMarkerTest.java,org.jfree.chart.plot.CategoryMarkerTest,testGetSetKey/0,lastEvent,2
C:\Users\stefa\Desktop\IFT3913\TP2\IFT3913_TP1\..\..\jfreechart\src\test\java\org\jfree\chart\StackedBarChartTest.java,org.jfree.chart.StackedBarChartTest$LocalListener,chartChanged/1[org.jfree.chart.ChartChangeEvent],flag,1
C:\Users\stefa\Desktop\IFT3913\TP2\IFT3913_TP1\..\..\jfreechart\src\test\java\org\jfree\data\category\DefaultCategoryDatasetTest.java,org.jfree.data.category.DefaultCategoryDatasetTest,testBug1835955/0,EPSILON,1
C:\Users\stefa\Desktop\IFT3913\TP2\IFT3913_TP1\..\..\jfreechart\src\test\java\org\jfree\chart\annotations\XYLineAnnotationTest.java,org.jfree.chart.annotations.XYLineAnnotationTest,testConstructor/0,EPSILON,4
C:\Users\stefa\Desktop\IFT3913\TP2\IFT3913_TP1\..\..\jfreechart\src\test\java\org\jfree\chart\swing\ChartPanelTest.java,org.jfree.chart.swing.ChartPanelTest,test2502355_zoomInRange/0,chartChangeEvents,2
C:\Users\stefa\Desktop\IFT3913\TP2\IFT3913_TP1\..\..\jfreechart\src\test\java\org\jfree\chart\swing\ChartPanelTest.java,org.jfree.chart.swing.ChartPanelTest,chartChanged/1[org.jfree.chart.swing.ChartChangeEvent],chartChangeEvents,1
C:\Users\stefa\Desktop\IFT3913\TP2\IFT3913_TP1\..\..\jfreechart\src\test\java\org\jfree\chart\swing\ChartPanelTest.java,org.jfree.chart.swing.ChartPanelTest,test2502355_restoreAutoRangeBounds/0,chartChangeEvents,2
C:\Users\stefa\Desktop\IFT3913\TP2\IFT3913_TP1\..\..\jfreechart\src\test\java\org\jfree\chart\swing\ChartPanelTest.java,org.jfree.chart.swing.ChartPanelTest,test2502355_zoomOutBoth/0,chartChangeEvents,2
C:\Users\stefa\Desktop\IFT3913\TP2\IFT3913_TP1\..\..\jfreechart\src\test\java\org\jfree\chart\swing\ChartPanelTest.java,org.jfree.chart.swing.ChartPanelTest,test2502355_zoomInDomain/0,chartChangeEvents,2
C:\Users\stefa\Desktop\IFT3913\TP2\IFT3913_TP1\..\..\jfreechart\src\test\java\org\jfree\chart\swing\ChartPanelTest.java,org.jfree.chart.swing.ChartPanelTest,test2502355_restoreAutoBounds/0,chartChangeEvents,2
C:\Users\stefa\Desktop\IFT3913\TP2\IFT3913_TP1\..\..\jfreechart\src\test\java\org\jfree\chart\swing\ChartPanelTest.java,org.jfree.chart.swing.ChartPanelTest,test2502355_zoomInBoth/0,chartChangeEvents,2
C:\Users\stefa\Desktop\IFT3913\TP2\IFT3913_TP1\..\..\jfreechart\src\test\java\org\jfree\chart\swing\ChartPanelTest.java,org.jfree.chart.swing.ChartPanelTest,test2502355_zoomOutDomain/0,chartChangeEvents,2
C:\Users\stefa\Desktop\IFT3913\TP2\IFT3913_TP1\..\..\jfreechart\src\test\java\org\jfree\chart\swing\ChartPanelTest.java,org.jfree.chart.swing.ChartPanelTest,test2502355_restoreAutoDomainBounds/0,chartChangeEvents,2
C:\Users\stefa\Desktop\IFT3913\TP2\IFT3913_TP1\..\..\jfreechart\src\test\java\org\jfree\chart\swing\ChartPanelTest.java,org.jfree.chart.swing.ChartPanelTest,test2502355_zoomOutRange/0,chartChangeEvents,2
C:\Users\stefa\Desktop\IFT3913\TP2\IFT3913_TP1\..\..\jfreechart\src\test\java\org\jfree\chart\swing\ChartPanelTest.java,org.jfree.chart.swing.ChartPanelTest,test2502355_zoom/0,chartChangeEvents,2
C:\Users\stefa\Desktop\IFT3913\TP2\IFT3913_TP1\..\..\jfreechart\src\test\java\org\jfree\data\time\WeekTest.java,org.jfree.data.time.WeekTest,testW52Y9999Next/0,w52Y9999,1
C:\Users\stefa\Desktop\IFT3913\TP2\IFT3913_TP1\..\..\jfreechart\src\test\java\org\jfree\data\time\WeekTest.java,org.jfree.data.time.WeekTest,testW1Y1900Previous/0,w1Y1900,1
C:\Users\stefa\Desktop\IFT3913\TP2\IFT3913_TP1\..\..\jfreechart\src\test\java\org\jfree\data\time\WeekTest.java,org.jfree.data.time.WeekTest,setUp/0,w51Y9999,1
C:\Users\stefa\Desktop\IFT3913\TP2\IFT3913_TP1\..\..\jfreechart\src\test\java\org\jfree\data\time\WeekTest.java,org.jfree.data.time.WeekTest,setUp/0,w2Y1900,1
C:\Users\stefa\Desktop\IFT3913\TP2\IFT3913_TP1\..\..\jfreechart\src\test\java\org\jfree\data\time\WeekTest.java,org.jfree.data.time.WeekTest,setUp/0,w1Y1900,1
C:\Users\stefa\Desktop\IFT3913\TP2\IFT3913_TP1\..\..\jfreechart\src\test\java\org\jfree\data\time\WeekTest.java,org.jfree.data.time.WeekTest,setUp/0,w52Y9999,1
C:\Users\stefa\Desktop\IFT3913\TP2\IFT3913_TP1\..\..\jfreechart\src\test\java\org\jfree\data\time\WeekTest.java,org.jfree.data.time.WeekTest,testW52Y9999Previous/0,w51Y9999,1
C:\Users\stefa\Desktop\IFT3913\TP2\IFT3913_TP1\..\..\jfreechart\src\test\java\org\jfree\data\time\WeekTest.java,org.jfree.data.time.WeekTest,testW52Y9999Previous/0,w52Y9999,1
C:\Users\stefa\Desktop\IFT3913\TP2\IFT3913_TP1\..\..\jfreechart\src\test\java\org\jfree\data\time\WeekTest.java,org.jfree.data.time.WeekTest,testW1Y1900Next/0,w2Y1900,1
C:\Users\stefa\Desktop\IFT3913\TP2\IFT3913_TP1\..\..\jfreechart\src\test\java\org\jfree\data\time\WeekTest.java,org.jfree.data.time.WeekTest,testW1Y1900Next/0,w1Y1900,1
C:\Users\stefa\Desktop\IFT3913\TP2\IFT3913_TP1\..\..\jfreechart\src\test\java\org\jfree\chart\renderer\GrayPaintScaleTest.java,org.jfree.chart.renderer.GrayPaintScaleTest,testConstructor/0,EPSILON,2
C:\Users\stefa\Desktop\IFT3913\TP2\IFT3913_TP1\..\..\jfreechart\src\test\java\org\jfree\data\time\QuarterTest.java,org.jfree.data.time.QuarterTest,setUp/0,q1Y1900,1
C:\Users\stefa\Desktop\IFT3913\TP2\IFT3913_TP1\..\..\jfreechart\src\test\java\org\jfree\data\time\QuarterTest.java,org.jfree.data.time.QuarterTest,setUp/0,q4Y9999,1
C:\Users\stefa\Desktop\IFT3913\TP2\IFT3913_TP1\..\..\jfreechart\src\test\java\org\jfree\data\time\QuarterTest.java,org.jfree.data.time.QuarterTest,setUp/0,q2Y1900,1
C:\Users\stefa\Desktop\IFT3913\TP2\IFT3913_TP1\..\..\jfreechart\src\test\java\org\jfree\data\time\QuarterTest.java,org.jfree.data.time.QuarterTest,setUp/0,q3Y9999,1
C:\Users\stefa\Desktop\IFT3913\TP2\IFT3913_TP1\..\..\jfreechart\src\test\java\org\jfree\data\time\QuarterTest.java,org.jfree.data.time.QuarterTest,testQ1Y1900Next/0,q1Y1900,1
C:\Users\stefa\Desktop\IFT3913\TP2\IFT3913_TP1\..\..\jfreechart\src\test\java\org\jfree\data\time\QuarterTest.java,org.jfree.data.time.QuarterTest,testQ1Y1900Next/0,q2Y1900,1
C:\Users\stefa\Desktop\IFT3913\TP2\IFT3913_TP1\..\..\jfreechart\src\test\java\org\jfree\data\time\QuarterTest.java,org.jfree.data.time.QuarterTest,testQ4Y9999Next/0,q4Y9999,1
C:\Users\stefa\Desktop\IFT3913\TP2\IFT3913_TP1\..\..\jfreechart\src\test\java\org\jfree\data\time\QuarterTest.java,org.jfree.data.time.QuarterTest,testQ4Y9999Previous/0,q4Y9999,1
C:\Users\stefa\Desktop\IFT3913\TP2\IFT3913_TP1\..\..\jfreechart\src\test\java\org\jfree\data\time\QuarterTest.java,org.jfree.data.time.QuarterTest,testQ4Y9999Previous/0,q3Y9999,1
C:\Users\stefa\Desktop\IFT3913\TP2\IFT3913_TP1\..\..\jfreechart\src\test\java\org\jfree\data\time\QuarterTest.java,org.jfree.data.time.QuarterTest,testQ1Y1900Previous/0,q1Y1900,1
C:\Users\stefa\Desktop\IFT3913\TP2\IFT3913_TP1\..\..\jfreechart\src\test\java\org\jfree\chart\annotations\TextAnnotationTest.java,org.jfree.chart.annotations.TextAnnotationTest,testChangeEvents/0,lastEvent,14
C:\Users\stefa\Desktop\IFT3913\TP2\IFT3913_TP1\..\..\jfreechart\src\test\java\org\jfree\chart\annotations\TextAnnotationTest.java,org.jfree.chart.annotations.TextAnnotationTest,annotationChanged/1[org.jfree.chart.annotations.AnnotationChangeEvent],lastEvent,1
C:\Users\stefa\Desktop\IFT3913\TP2\IFT3913_TP1\..\..\jfreechart\src\test\java\org\jfree\data\statistics\SimpleHistogramDatasetTest.java,org.jfree.data.statistics.SimpleHistogramDatasetTest,testClearObservations/0,EPSILON,1
C:\Users\stefa\Desktop\IFT3913\TP2\IFT3913_TP1\..\..\jfreechart\src\test\java\org\jfree\chart\internal\SerialUtilsTest.java,org.jfree.chart.internal.SerialUtilsTest$ObjectWithMapOfPaint,getMap/0,map,1
C:\Users\stefa\Desktop\IFT3913\TP2\IFT3913_TP1\..\..\jfreechart\src\test\java\org\jfree\chart\internal\SerialUtilsTest.java,org.jfree.chart.internal.SerialUtilsTest$ObjectWithMapOfPaint,readObject/1[java.io.ObjectInputStream],map,1
C:\Users\stefa\Desktop\IFT3913\TP2\IFT3913_TP1\..\..\jfreechart\src\test\java\org\jfree\chart\internal\SerialUtilsTest.java,org.jfree.chart.internal.SerialUtilsTest$ObjectWithMapOfPaint,writeObject/1[java.io.ObjectOutputStream],map,1
C:\Users\stefa\Desktop\IFT3913\TP2\IFT3913_TP1\..\..\jfreechart\src\test\java\org\jfree\chart\internal\SerialUtilsTest.java,org.jfree.chart.internal.SerialUtilsTest$ObjectWithMapOfPaint,"ObjectWithMapOfPaint/1[java.util.Map<java.lang.Integer,java.awt.Paint>]",map,3
C:\Users\stefa\Desktop\IFT3913\TP2\IFT3913_TP1\..\..\jfreechart\src\test\java\org\jfree\chart\axis\LogAxisTest.java,org.jfree.chart.axis.LogAxisTest,testXYAutoRange1/0,EPSILON,2
C:\Users\stefa\Desktop\IFT3913\TP2\IFT3913_TP1\..\..\jfreechart\src\test\java\org\jfree\chart\axis\LogAxisTest.java,org.jfree.chart.axis.LogAxisTest,testAutoRange1/0,EPSILON,2
C:\Users\stefa\Desktop\IFT3913\TP2\IFT3913_TP1\..\..\jfreechart\src\test\java\org\jfree\chart\axis\LogAxisTest.java,org.jfree.chart.axis.LogAxisTest,testTranslateJava2DToValue/0,EPSILON,8
C:\Users\stefa\Desktop\IFT3913\TP2\IFT3913_TP1\..\..\jfreechart\src\test\java\org\jfree\chart\axis\LogAxisTest.java,org.jfree.chart.axis.LogAxisTest,testSetLowerBound/0,EPSILON,3
C:\Users\stefa\Desktop\IFT3913\TP2\IFT3913_TP1\..\..\jfreechart\src\test\java\org\jfree\chart\axis\LogAxisTest.java,org.jfree.chart.axis.LogAxisTest,testXYAutoRange2/0,EPSILON,2
C:\Users\stefa\Desktop\IFT3913\TP2\IFT3913_TP1\..\..\jfreechart\src\test\java\org\jfree\chart\axis\LogAxisTest.java,org.jfree.chart.axis.LogAxisTest,testAutoRange3/0,EPSILON,4
C:\Users\stefa\Desktop\IFT3913\TP2\IFT3913_TP1\..\..\jfreechart\src\test\java\org\jfree\data\xy\YIntervalDataItemTest.java,org.jfree.data.xy.YIntervalDataItemTest,testConstructor1/0,EPSILON,3
C:\Users\stefa\Desktop\IFT3913\TP2\IFT3913_TP1\..\..\jfreechart\src\test\java\org\jfree\data\xy\XYSeriesCollectionTest.java,org.jfree.data.xy.XYSeriesCollectionTest,testConstructor/0,EPSILON,2
C:\Users\stefa\Desktop\IFT3913\TP2\IFT3913_TP1\..\..\jfreechart\src\test\java\org\jfree\data\xy\XYSeriesCollectionTest.java,org.jfree.data.xy.XYSeriesCollectionTest,testGetRangeLowerBound/0,EPSILON,10
C:\Users\stefa\Desktop\IFT3913\TP2\IFT3913_TP1\..\..\jfreechart\src\test\java\org\jfree\data\xy\XYSeriesCollectionTest.java,org.jfree.data.xy.XYSeriesCollectionTest,testGetRangeUpperBound/0,EPSILON,10
C:\Users\stefa\Desktop\IFT3913\TP2\IFT3913_TP1\..\..\jfreechart\src\test\java\org\jfree\data\xy\XYSeriesCollectionTest.java,org.jfree.data.xy.XYSeriesCollectionTest,testBug3445507/0,EPSILON,2
C:\Users\stefa\Desktop\IFT3913\TP2\IFT3913_TP1\..\..\jfreechart\src\test\java\org\jfree\data\statistics\DefaultStatisticalCategoryDatasetTest.java,org.jfree.data.statistics.DefaultStatisticalCategoryDatasetTest,testAdd/0,EPSILON,4
C:\Users\stefa\Desktop\IFT3913\TP2\IFT3913_TP1\..\..\jfreechart\src\test\java\org\jfree\data\statistics\DefaultStatisticalCategoryDatasetTest.java,org.jfree.data.statistics.DefaultStatisticalCategoryDatasetTest,testRemove/0,EPSILON,8
C:\Users\stefa\Desktop\IFT3913\TP2\IFT3913_TP1\..\..\jfreechart\src\test\java\org\jfree\data\statistics\DefaultStatisticalCategoryDatasetTest.java,org.jfree.data.statistics.DefaultStatisticalCategoryDatasetTest,testGetRangeUpperBound/0,EPSILON,2
C:\Users\stefa\Desktop\IFT3913\TP2\IFT3913_TP1\..\..\jfreechart\src\test\java\org\jfree\data\statistics\DefaultStatisticalCategoryDatasetTest.java,org.jfree.data.statistics.DefaultStatisticalCategoryDatasetTest,testGetRangeLowerBound/0,EPSILON,2
C:\Users\stefa\Desktop\IFT3913\TP2\IFT3913_TP1\..\..\jfreechart\src\test\java\org\jfree\data\statistics\DefaultStatisticalCategoryDatasetTest.java,org.jfree.data.statistics.DefaultStatisticalCategoryDatasetTest,test3072674/0,EPSILON,4
C:\Users\stefa\Desktop\IFT3913\TP2\IFT3913_TP1\..\..\jfreechart\src\test\java\org\jfree\data\time\MovingAverageTest.java,org.jfree.data.time.MovingAverageTest,test1/0,EPSILON,7
C:\Users\stefa\Desktop\IFT3913\TP2\IFT3913_TP1\..\..\jfreechart\src\test\java\org\jfree\chart\axis\PeriodAxisTest.java,org.jfree.chart.axis.PeriodAxisTest,test2490803/0,EPSILON,2
C:\Users\stefa\Desktop\IFT3913\TP2\IFT3913_TP1\..\..\jfreechart\src\test\java\org\jfree\chart\axis\PeriodAxisTest.java,org.jfree.chart.axis.PeriodAxisTest,test1932146/0,lastEvent,2
C:\Users\stefa\Desktop\IFT3913\TP2\IFT3913_TP1\..\..\jfreechart\src\test\java\org\jfree\chart\axis\PeriodAxisTest.java,org.jfree.chart.axis.PeriodAxisTest,axisChanged/1[org.jfree.chart.axis.AxisChangeEvent],lastEvent,1
C:\Users\stefa\Desktop\IFT3913\TP2\IFT3913_TP1\..\..\jfreechart\src\test\java\org\jfree\chart\plot\MyPlotChangeListener.java,org.jfree.chart.plot.MyPlotChangeListener,getEvent/0,event,1
C:\Users\stefa\Desktop\IFT3913\TP2\IFT3913_TP1\..\..\jfreechart\src\test\java\org\jfree\chart\plot\MyPlotChangeListener.java,org.jfree.chart.plot.MyPlotChangeListener,plotChanged/1[org.jfree.chart.plot.PlotChangeEvent],event,1
C:\Users\stefa\Desktop\IFT3913\TP2\IFT3913_TP1\..\..\jfreechart\src\test\java\org\jfree\chart\plot\MyPlotChangeListener.java,org.jfree.chart.plot.MyPlotChangeListener,setEvent/1[org.jfree.chart.plot.PlotChangeEvent],event,1
C:\Users\stefa\Desktop\IFT3913\TP2\IFT3913_TP1\..\..\jfreechart\src\test\java\org\jfree\chart\plot\MyPlotChangeListener.java,org.jfree.chart.plot.MyPlotChangeListener,MyPlotChangeListener/0,event,1
C:\Users\stefa\Desktop\IFT3913\TP2\IFT3913_TP1\..\..\jfreechart\src\test\java\org\jfree\chart\block\BorderArrangementTest.java,org.jfree.chart.block.BorderArrangementTest,testSizingWithWidthConstraint/0,EPSILON,66
C:\Users\stefa\Desktop\IFT3913\TP2\IFT3913_TP1\..\..\jfreechart\src\test\java\org\jfree\chart\block\BorderArrangementTest.java,org.jfree.chart.block.BorderArrangementTest,testSizing/0,EPSILON,70
C:\Users\stefa\Desktop\IFT3913\TP2\IFT3913_TP1\..\..\jfreechart\src\test\java\org\jfree\chart\block\BorderArrangementTest.java,org.jfree.chart.block.BorderArrangementTest,testBugX/0,EPSILON,4
C:\Users\stefa\Desktop\IFT3913\TP2\IFT3913_TP1\..\..\jfreechart\src\test\java\org\jfree\data\general\DefaultHeatMapDatasetTest.java,org.jfree.data.general.DefaultHeatMapDatasetTest,datasetChanged/1[org.jfree.data.general.DatasetChangeEvent],lastEvent,1
C:\Users\stefa\Desktop\IFT3913\TP2\IFT3913_TP1\..\..\jfreechart\src\test\java\org\jfree\data\general\DefaultHeatMapDatasetTest.java,org.jfree.data.general.DefaultHeatMapDatasetTest,testGeneral/0,lastEvent,2
C:\Users\stefa\Desktop\IFT3913\TP2\IFT3913_TP1\..\..\jfreechart\src\test\java\org\jfree\data\general\DefaultHeatMapDatasetTest.java,org.jfree.data.general.DefaultHeatMapDatasetTest,testGeneral/0,EPSILON,7
C:\Users\stefa\Desktop\IFT3913\TP2\IFT3913_TP1\..\..\jfreechart\src\test\java\org\jfree\data\general\TestIntervalXYZDataset.java,org.jfree.data.general.TestIntervalXYZDataset,getItemCount/1[int],itemCount,1
C:\Users\stefa\Desktop\IFT3913\TP2\IFT3913_TP1\..\..\jfreechart\src\test\java\org\jfree\data\general\TestIntervalXYZDataset.java,org.jfree.data.general.TestIntervalXYZDataset,"getXValue/2[int,int]",itemCount,1
C:\Users\stefa\Desktop\IFT3913\TP2\IFT3913_TP1\..\..\jfreechart\src\test\java\org\jfree\data\general\TestIntervalXYZDataset.java,org.jfree.data.general.TestIntervalXYZDataset,"TestIntervalXYZDataset/2[int,int]",seriesCount,4
C:\Users\stefa\Desktop\IFT3913\TP2\IFT3913_TP1\..\..\jfreechart\src\test\java\org\jfree\data\general\TestIntervalXYZDataset.java,org.jfree.data.general.TestIntervalXYZDataset,"TestIntervalXYZDataset/2[int,int]",itemCount,4
C:\Users\stefa\Desktop\IFT3913\TP2\IFT3913_TP1\..\..\jfreechart\src\test\java\org\jfree\data\general\TestIntervalXYZDataset.java,org.jfree.data.general.TestIntervalXYZDataset,getSeriesCount/0,seriesCount,1
C:\Users\stefa\Desktop\IFT3913\TP2\IFT3913_TP1\..\..\jfreechart\src\test\java\org\jfree\chart\renderer\xy\CandlestickRendererTest.java,org.jfree.chart.renderer.xy.CandlestickRendererTest,testConstructor/0,EPSILON,1
C:\Users\stefa\Desktop\IFT3913\TP2\IFT3913_TP1\..\..\jfreechart\src\test\java\org\jfree\chart\XYBarChartTest.java,org.jfree.chart.XYBarChartTest,testReplaceDataset/0,chart,2
C:\Users\stefa\Desktop\IFT3913\TP2\IFT3913_TP1\..\..\jfreechart\src\test\java\org\jfree\chart\XYBarChartTest.java,org.jfree.chart.XYBarChartTest,testDrawWithNullInfo/0,chart,1
C:\Users\stefa\Desktop\IFT3913\TP2\IFT3913_TP1\..\..\jfreechart\src\test\java\org\jfree\chart\XYBarChartTest.java,org.jfree.chart.XYBarChartTest,testSetSeriesToolTipGenerator/0,chart,1
C:\Users\stefa\Desktop\IFT3913\TP2\IFT3913_TP1\..\..\jfreechart\src\test\java\org\jfree\chart\XYBarChartTest.java,org.jfree.chart.XYBarChartTest,setUp/0,chart,1
C:\Users\stefa\Desktop\IFT3913\TP2\IFT3913_TP1\..\..\jfreechart\src\test\java\org\jfree\chart\XYLineChartTest.java,org.jfree.chart.XYLineChartTest,testReplaceDataset/0,chart,2
C:\Users\stefa\Desktop\IFT3913\TP2\IFT3913_TP1\..\..\jfreechart\src\test\java\org\jfree\chart\XYLineChartTest.java,org.jfree.chart.XYLineChartTest,testDrawWithNullInfo/0,chart,1
C:\Users\stefa\Desktop\IFT3913\TP2\IFT3913_TP1\..\..\jfreechart\src\test\java\org\jfree\chart\XYLineChartTest.java,org.jfree.chart.XYLineChartTest,setUp/0,chart,1
C:\Users\stefa\Desktop\IFT3913\TP2\IFT3913_TP1\..\..\jfreechart\src\test\java\org\jfree\chart\XYLineChartTest.java,org.jfree.chart.XYLineChartTest,testSetSeriesToolTipGenerator/0,chart,1
C:\Users\stefa\Desktop\IFT3913\TP2\IFT3913_TP1\..\..\jfreechart\src\test\java\org\jfree\data\general\TestIntervalCategoryDataset.java,org.jfree.data.general.TestIntervalCategoryDataset,getColumnKey/1[int],data,1
C:\Users\stefa\Desktop\IFT3913\TP2\IFT3913_TP1\..\..\jfreechart\src\test\java\org\jfree\data\general\TestIntervalCategoryDataset.java,org.jfree.data.general.TestIntervalCategoryDataset,getColumnIndex/1[C],data,1
C:\Users\stefa\Desktop\IFT3913\TP2\IFT3913_TP1\..\..\jfreechart\src\test\java\org\jfree\data\general\TestIntervalCategoryDataset.java,org.jfree.data.general.TestIntervalCategoryDataset,getRowIndex/1[R],data,1
C:\Users\stefa\Desktop\IFT3913\TP2\IFT3913_TP1\..\..\jfreechart\src\test\java\org\jfree\data\general\TestIntervalCategoryDataset.java,org.jfree.data.general.TestIntervalCategoryDataset,"setItem/5[java.lang.Number,java.lang.Number,java.lang.Number,R,C]",data,1
C:\Users\stefa\Desktop\IFT3913\TP2\IFT3913_TP1\..\..\jfreechart\src\test\java\org\jfree\data\general\TestIntervalCategoryDataset.java,org.jfree.data.general.TestIntervalCategoryDataset,"removeItem/2[R,C]",data,1
C:\Users\stefa\Desktop\IFT3913\TP2\IFT3913_TP1\..\..\jfreechart\src\test\java\org\jfree\data\general\TestIntervalCategoryDataset.java,org.jfree.data.general.TestIntervalCategoryDataset,getColumnKeys/0,data,1
C:\Users\stefa\Desktop\IFT3913\TP2\IFT3913_TP1\..\..\jfreechart\src\test\java\org\jfree\data\general\TestIntervalCategoryDataset.java,org.jfree.data.general.TestIntervalCategoryDataset,"getEndValue/2[int,int]",data,1
C:\Users\stefa\Desktop\IFT3913\TP2\IFT3913_TP1\..\..\jfreechart\src\test\java\org\jfree\data\general\TestIntervalCategoryDataset.java,org.jfree.data.general.TestIntervalCategoryDataset,getRowKey/1[int],data,1
C:\Users\stefa\Desktop\IFT3913\TP2\IFT3913_TP1\..\..\jfreechart\src\test\java\org\jfree\data\general\TestIntervalCategoryDataset.java,org.jfree.data.general.TestIntervalCategoryDataset,hashCode/0,data,1
C:\Users\stefa\Desktop\IFT3913\TP2\IFT3913_TP1\..\..\jfreechart\src\test\java\org\jfree\data\general\TestIntervalCategoryDataset.java,org.jfree.data.general.TestIntervalCategoryDataset,"getStartValue/2[R,C]",data,1
C:\Users\stefa\Desktop\IFT3913\TP2\IFT3913_TP1\..\..\jfreechart\src\test\java\org\jfree\data\general\TestIntervalCategoryDataset.java,org.jfree.data.general.TestIntervalCategoryDataset,removeColumn/1[int],data,1
C:\Users\stefa\Desktop\IFT3913\TP2\IFT3913_TP1\..\..\jfreechart\src\test\java\org\jfree\data\general\TestIntervalCategoryDataset.java,org.jfree.data.general.TestIntervalCategoryDataset,removeRow/1[int],data,1
C:\Users\stefa\Desktop\IFT3913\TP2\IFT3913_TP1\..\..\jfreechart\src\test\java\org\jfree\data\general\TestIntervalCategoryDataset.java,org.jfree.data.general.TestIntervalCategoryDataset,"addItem/5[java.lang.Number,java.lang.Number,java.lang.Number,R,C]",data,1
C:\Users\stefa\Desktop\IFT3913\TP2\IFT3913_TP1\..\..\jfreechart\src\test\java\org\jfree\data\general\TestIntervalCategoryDataset.java,org.jfree.data.general.TestIntervalCategoryDataset,TestIntervalCategoryDataset/0,data,1
C:\Users\stefa\Desktop\IFT3913\TP2\IFT3913_TP1\..\..\jfreechart\src\test\java\org\jfree\data\general\TestIntervalCategoryDataset.java,org.jfree.data.general.TestIntervalCategoryDataset,getRowCount/0,data,1
C:\Users\stefa\Desktop\IFT3913\TP2\IFT3913_TP1\..\..\jfreechart\src\test\java\org\jfree\data\general\TestIntervalCategoryDataset.java,org.jfree.data.general.TestIntervalCategoryDataset,getRowKeys/0,data,1
C:\Users\stefa\Desktop\IFT3913\TP2\IFT3913_TP1\..\..\jfreechart\src\test\java\org\jfree\data\general\TestIntervalCategoryDataset.java,org.jfree.data.general.TestIntervalCategoryDataset,getColumnCount/0,data,1
C:\Users\stefa\Desktop\IFT3913\TP2\IFT3913_TP1\..\..\jfreechart\src\test\java\org\jfree\data\general\TestIntervalCategoryDataset.java,org.jfree.data.general.TestIntervalCategoryDataset,removeColumn/1[C],data,1
C:\Users\stefa\Desktop\IFT3913\TP2\IFT3913_TP1\..\..\jfreechart\src\test\java\org\jfree\data\general\TestIntervalCategoryDataset.java,org.jfree.data.general.TestIntervalCategoryDataset,clear/0,data,1
C:\Users\stefa\Desktop\IFT3913\TP2\IFT3913_TP1\..\..\jfreechart\src\test\java\org\jfree\data\general\TestIntervalCategoryDataset.java,org.jfree.data.general.TestIntervalCategoryDataset,"getValue/2[R,C]",data,1
C:\Users\stefa\Desktop\IFT3913\TP2\IFT3913_TP1\..\..\jfreechart\src\test\java\org\jfree\data\general\TestIntervalCategoryDataset.java,org.jfree.data.general.TestIntervalCategoryDataset,"getEndValue/2[R,C]",data,1
C:\Users\stefa\Desktop\IFT3913\TP2\IFT3913_TP1\..\..\jfreechart\src\test\java\org\jfree\data\general\TestIntervalCategoryDataset.java,org.jfree.data.general.TestIntervalCategoryDataset,clone/0,data,1
C:\Users\stefa\Desktop\IFT3913\TP2\IFT3913_TP1\..\..\jfreechart\src\test\java\org\jfree\data\general\TestIntervalCategoryDataset.java,org.jfree.data.general.TestIntervalCategoryDataset,"getStartValue/2[int,int]",data,1
C:\Users\stefa\Desktop\IFT3913\TP2\IFT3913_TP1\..\..\jfreechart\src\test\java\org\jfree\data\general\TestIntervalCategoryDataset.java,org.jfree.data.general.TestIntervalCategoryDataset,"getValue/2[int,int]",data,1
C:\Users\stefa\Desktop\IFT3913\TP2\IFT3913_TP1\..\..\jfreechart\src\test\java\org\jfree\data\general\TestIntervalCategoryDataset.java,org.jfree.data.general.TestIntervalCategoryDataset,removeRow/1[R],data,1
C:\Users\stefa\Desktop\IFT3913\TP2\IFT3913_TP1\..\..\jfreechart\src\test\java\org\jfree\chart\XYStepAreaChartTest.java,org.jfree.chart.XYStepAreaChartTest$LocalListener,chartChanged/1[org.jfree.chart.ChartChangeEvent],flag,1
C:\Users\stefa\Desktop\IFT3913\TP2\IFT3913_TP1\..\..\jfreechart\src\test\java\org\jfree\chart\LineChartTest.java,org.jfree.chart.LineChartTest$LocalListener,chartChanged/1[org.jfree.chart.ChartChangeEvent],flag,1
C:\Users\stefa\Desktop\IFT3913\TP2\IFT3913_TP1\..\..\jfreechart\src\test\java\org\jfree\chart\renderer\xy\XYBlockRendererTest.java,org.jfree.chart.renderer.xy.XYBlockRendererTest,testFindDomainBounds/0,EPSILON,2
C:\Users\stefa\Desktop\IFT3913\TP2\IFT3913_TP1\..\..\jfreechart\src\test\java\org\jfree\chart\plot\CombinedRangeXYPlotTest.java,org.jfree.chart.plot.CombinedRangeXYPlotTest,chartChanged/1[org.jfree.chart.plot.ChartChangeEvent],events,1
C:\Users\stefa\Desktop\IFT3913\TP2\IFT3913_TP1\..\..\jfreechart\src\test\java\org\jfree\chart\plot\CombinedRangeXYPlotTest.java,org.jfree.chart.plot.CombinedRangeXYPlotTest,testNotification/0,events,3
C:\Users\stefa\Desktop\IFT3913\TP2\IFT3913_TP1\..\..\jfreechart\src\test\java\org\jfree\data\statistics\DefaultBoxAndWhiskerCategoryDatasetTest.java,org.jfree.data.statistics.DefaultBoxAndWhiskerCategoryDatasetTest,testAddUpdatesCachedRange/0,EPSILON,9
C:\Users\stefa\Desktop\IFT3913\TP2\IFT3913_TP1\..\..\jfreechart\src\test\java\org\jfree\data\statistics\DefaultBoxAndWhiskerCategoryDatasetTest.java,org.jfree.data.statistics.DefaultBoxAndWhiskerCategoryDatasetTest,testAdd/0,EPSILON,9
C:\Users\stefa\Desktop\IFT3913\TP2\IFT3913_TP1\..\..\jfreechart\src\test\java\org\jfree\data\statistics\DefaultBoxAndWhiskerXYDatasetTest.java,org.jfree.data.statistics.DefaultBoxAndWhiskerXYDatasetTest,testAdd/0,EPSILON,9
C:\Users\stefa\Desktop\IFT3913\TP2\IFT3913_TP1\..\..\jfreechart\src\test\java\org\jfree\data\time\TimePeriodValuesTest.java,org.jfree.data.time.TimePeriodValuesTest$MySeriesChangeListener,clearLastEvent/0,lastEvent,1
C:\Users\stefa\Desktop\IFT3913\TP2\IFT3913_TP1\..\..\jfreechart\src\test\java\org\jfree\data\time\TimePeriodValuesTest.java,org.jfree.data.time.TimePeriodValuesTest$MySeriesChangeListener,seriesChanged/1[org.jfree.data.time.SeriesChangeEvent],lastEvent,1
C:\Users\stefa\Desktop\IFT3913\TP2\IFT3913_TP1\..\..\jfreechart\src\test\java\org\jfree\data\time\TimePeriodValuesTest.java,org.jfree.data.time.TimePeriodValuesTest$MySeriesChangeListener,MySeriesChangeListener/0,lastEvent,1
C:\Users\stefa\Desktop\IFT3913\TP2\IFT3913_TP1\..\..\jfreechart\src\test\java\org\jfree\data\time\TimePeriodValuesTest.java,org.jfree.data.time.TimePeriodValuesTest$MySeriesChangeListener,getLastEvent/0,lastEvent,1
C:\Users\stefa\Desktop\IFT3913\TP2\IFT3913_TP1\..\..\jfreechart\src\test\java\org\jfree\chart\BarChartTest.java,org.jfree.chart.BarChartTest$LocalListener,chartChanged/1[org.jfree.chart.ChartChangeEvent],flag,1
C:\Users\stefa\Desktop\IFT3913\TP2\IFT3913_TP1\..\..\jfreechart\src\test\java\org\jfree\chart\JFreeChartTest.java,org.jfree.chart.JFreeChartTest,setUp/0,pieChart,1
C:\Users\stefa\Desktop\IFT3913\TP2\IFT3913_TP1\..\..\jfreechart\src\test\java\org\jfree\chart\JFreeChartTest.java,org.jfree.chart.JFreeChartTest,chartChanged/1[org.jfree.chart.ChartChangeEvent],lastChartChangeEvent,1
C:\Users\stefa\Desktop\IFT3913\TP2\IFT3913_TP1\..\..\jfreechart\src\test\java\org\jfree\chart\JFreeChartTest.java,org.jfree.chart.JFreeChartTest,testSubtitleCount/0,pieChart,1
C:\Users\stefa\Desktop\IFT3913\TP2\IFT3913_TP1\..\..\jfreechart\src\test\java\org\jfree\chart\JFreeChartTest.java,org.jfree.chart.JFreeChartTest,testTitleChangeEvent/0,lastChartChangeEvent,9
C:\Users\stefa\Desktop\IFT3913\TP2\IFT3913_TP1\..\..\jfreechart\src\test\java\org\jfree\chart\JFreeChartTest.java,org.jfree.chart.JFreeChartTest,testLegendEvents/0,lastChartChangeEvent,2
C:\Users\stefa\Desktop\IFT3913\TP2\IFT3913_TP1\..\..\jfreechart\src\test\java\org\jfree\data\time\TimePeriodValuesCollectionTest.java,org.jfree.data.time.TimePeriodValuesCollectionTest,testGetDomainBoundsWithoutInterval/0,EPSILON,4
C:\Users\stefa\Desktop\IFT3913\TP2\IFT3913_TP1\..\..\jfreechart\src\test\java\org\jfree\data\time\TimePeriodValuesCollectionTest.java,org.jfree.data.time.TimePeriodValuesCollectionTest,testGetDomainBoundsWithInterval/0,EPSILON,8
C:\Users\stefa\Desktop\IFT3913\TP2\IFT3913_TP1\..\..\jfreechart\src\test\java\org\jfree\chart\plot\pie\PiePlotTest.java,org.jfree.chart.plot.pie.PiePlotTest,testBug1126_d/0,EPSILON,4
C:\Users\stefa\Desktop\IFT3913\TP2\IFT3913_TP1\..\..\jfreechart\src\test\java\org\jfree\chart\XYStepAreaChartTest.java,org.jfree.chart.XYStepAreaChartTest,testReplaceDataset/0,chart,2
C:\Users\stefa\Desktop\IFT3913\TP2\IFT3913_TP1\..\..\jfreechart\src\test\java\org\jfree\chart\XYStepAreaChartTest.java,org.jfree.chart.XYStepAreaChartTest,testDrawWithNullInfo/0,chart,1
C:\Users\stefa\Desktop\IFT3913\TP2\IFT3913_TP1\..\..\jfreechart\src\test\java\org\jfree\chart\XYStepAreaChartTest.java,org.jfree.chart.XYStepAreaChartTest,setUp/0,chart,1
C:\Users\stefa\Desktop\IFT3913\TP2\IFT3913_TP1\..\..\jfreechart\src\test\java\org\jfree\chart\XYStepAreaChartTest.java,org.jfree.chart.XYStepAreaChartTest,testSetSeriesToolTipGenerator/0,chart,1
C:\Users\stefa\Desktop\IFT3913\TP2\IFT3913_TP1\..\..\jfreechart\src\test\java\org\jfree\data\function\PowerFunction2DTest.java,org.jfree.data.function.PowerFunction2DTest,testConstructor/0,EPSILON,2
C:\Users\stefa\Desktop\IFT3913\TP2\IFT3913_TP1\..\..\jfreechart\src\test\java\org\jfree\data\xy\XIntervalDataItemTest.java,org.jfree.data.xy.XIntervalDataItemTest,testConstructor1/0,EPSILON,3
C:\Users\stefa\Desktop\IFT3913\TP2\IFT3913_TP1\..\..\jfreechart\src\test\java\org\jfree\chart\block\GridArrangementTest.java,org.jfree.chart.block.GridArrangementTest,testRR/0,EPSILON,2
C:\Users\stefa\Desktop\IFT3913\TP2\IFT3913_TP1\..\..\jfreechart\src\test\java\org\jfree\chart\block\GridArrangementTest.java,org.jfree.chart.block.GridArrangementTest,testFN/0,EPSILON,2
C:\Users\stefa\Desktop\IFT3913\TP2\IFT3913_TP1\..\..\jfreechart\src\test\java\org\jfree\chart\block\GridArrangementTest.java,org.jfree.chart.block.GridArrangementTest,testNullBlock_FR/0,EPSILON,2
C:\Users\stefa\Desktop\IFT3913\TP2\IFT3913_TP1\..\..\jfreechart\src\test\java\org\jfree\chart\block\GridArrangementTest.java,org.jfree.chart.block.GridArrangementTest,testGridNotFull_FF/0,EPSILON,2
C:\Users\stefa\Desktop\IFT3913\TP2\IFT3913_TP1\..\..\jfreechart\src\test\java\org\jfree\chart\block\GridArrangementTest.java,org.jfree.chart.block.GridArrangementTest,testNullBlock_FF/0,EPSILON,2
C:\Users\stefa\Desktop\IFT3913\TP2\IFT3913_TP1\..\..\jfreechart\src\test\java\org\jfree\chart\block\GridArrangementTest.java,org.jfree.chart.block.GridArrangementTest,testNN/0,EPSILON,2
C:\Users\stefa\Desktop\IFT3913\TP2\IFT3913_TP1\..\..\jfreechart\src\test\java\org\jfree\chart\block\GridArrangementTest.java,org.jfree.chart.block.GridArrangementTest,testRN/0,EPSILON,2
C:\Users\stefa\Desktop\IFT3913\TP2\IFT3913_TP1\..\..\jfreechart\src\test\java\org\jfree\chart\block\GridArrangementTest.java,org.jfree.chart.block.GridArrangementTest,testGridNotFull_FN/0,EPSILON,2
C:\Users\stefa\Desktop\IFT3913\TP2\IFT3913_TP1\..\..\jfreechart\src\test\java\org\jfree\chart\block\GridArrangementTest.java,org.jfree.chart.block.GridArrangementTest,testNR/0,EPSILON,2
C:\Users\stefa\Desktop\IFT3913\TP2\IFT3913_TP1\..\..\jfreechart\src\test\java\org\jfree\chart\block\GridArrangementTest.java,org.jfree.chart.block.GridArrangementTest,testGridNotFull_NN/0,EPSILON,2
C:\Users\stefa\Desktop\IFT3913\TP2\IFT3913_TP1\..\..\jfreechart\src\test\java\org\jfree\chart\block\GridArrangementTest.java,org.jfree.chart.block.GridArrangementTest,testNullBlock_NN/0,EPSILON,2
C:\Users\stefa\Desktop\IFT3913\TP2\IFT3913_TP1\..\..\jfreechart\src\test\java\org\jfree\chart\block\GridArrangementTest.java,org.jfree.chart.block.GridArrangementTest,testNF/0,EPSILON,2
C:\Users\stefa\Desktop\IFT3913\TP2\IFT3913_TP1\..\..\jfreechart\src\test\java\org\jfree\chart\block\GridArrangementTest.java,org.jfree.chart.block.GridArrangementTest,testRF/0,EPSILON,2
C:\Users\stefa\Desktop\IFT3913\TP2\IFT3913_TP1\..\..\jfreechart\src\test\java\org\jfree\chart\block\GridArrangementTest.java,org.jfree.chart.block.GridArrangementTest,testGridNotFull_FR/0,EPSILON,2
C:\Users\stefa\Desktop\IFT3913\TP2\IFT3913_TP1\..\..\jfreechart\src\test\java\org\jfree\chart\block\GridArrangementTest.java,org.jfree.chart.block.GridArrangementTest,testNullBlock_FN/0,EPSILON,2
C:\Users\stefa\Desktop\IFT3913\TP2\IFT3913_TP1\..\..\jfreechart\src\test\java\org\jfree\chart\GanttChartTest.java,org.jfree.chart.GanttChartTest,testReplaceDataset/0,chart,2
C:\Users\stefa\Desktop\IFT3913\TP2\IFT3913_TP1\..\..\jfreechart\src\test\java\org\jfree\chart\GanttChartTest.java,org.jfree.chart.GanttChartTest,testDrawWithNullInfo/0,chart,1
C:\Users\stefa\Desktop\IFT3913\TP2\IFT3913_TP1\..\..\jfreechart\src\test\java\org\jfree\chart\GanttChartTest.java,org.jfree.chart.GanttChartTest,testSetSeriesToolTipGenerator/0,chart,1
C:\Users\stefa\Desktop\IFT3913\TP2\IFT3913_TP1\..\..\jfreechart\src\test\java\org\jfree\chart\GanttChartTest.java,org.jfree.chart.GanttChartTest,testSetSeriesURLGenerator/0,chart,1
C:\Users\stefa\Desktop\IFT3913\TP2\IFT3913_TP1\..\..\jfreechart\src\test\java\org\jfree\chart\GanttChartTest.java,org.jfree.chart.GanttChartTest,setUp/0,chart,1
C:\Users\stefa\Desktop\IFT3913\TP2\IFT3913_TP1\..\..\jfreechart\src\test\java\org\jfree\chart\XYLineChartTest.java,org.jfree.chart.XYLineChartTest$LocalListener,chartChanged/1[org.jfree.chart.ChartChangeEvent],flag,1
C:\Users\stefa\Desktop\IFT3913\TP2\IFT3913_TP1\..\..\jfreechart\src\test\java\org\jfree\data\xy\DefaultTableXYDatasetTest.java,org.jfree.data.xy.DefaultTableXYDatasetTest,testAddSeries/0,EPSILON,18
C:\Users\stefa\Desktop\IFT3913\TP2\IFT3913_TP1\..\..\jfreechart\src\test\java\org\jfree\chart\axis\NumberAxisTest.java,org.jfree.chart.axis.NumberAxisTest,testSetLowerBound/0,EPSILON,3
C:\Users\stefa\Desktop\IFT3913\TP2\IFT3913_TP1\..\..\jfreechart\src\test\java\org\jfree\chart\axis\NumberAxisTest.java,org.jfree.chart.axis.NumberAxisTest,testAutoRange4/0,EPSILON,14
C:\Users\stefa\Desktop\IFT3913\TP2\IFT3913_TP1\..\..\jfreechart\src\test\java\org\jfree\chart\axis\NumberAxisTest.java,org.jfree.chart.axis.NumberAxisTest,testTranslateJava2DToValue/0,EPSILON,8
C:\Users\stefa\Desktop\IFT3913\TP2\IFT3913_TP1\..\..\jfreechart\src\test\java\org\jfree\chart\axis\NumberAxisTest.java,org.jfree.chart.axis.NumberAxisTest,testAutoRange2/0,EPSILON,2
C:\Users\stefa\Desktop\IFT3913\TP2\IFT3913_TP1\..\..\jfreechart\src\test\java\org\jfree\chart\axis\NumberAxisTest.java,org.jfree.chart.axis.NumberAxisTest,testXYAutoRange2/0,EPSILON,2
C:\Users\stefa\Desktop\IFT3913\TP2\IFT3913_TP1\..\..\jfreechart\src\test\java\org\jfree\chart\axis\NumberAxisTest.java,org.jfree.chart.axis.NumberAxisTest,testAutoRange3/0,EPSILON,4
C:\Users\stefa\Desktop\IFT3913\TP2\IFT3913_TP1\..\..\jfreechart\src\test\java\org\jfree\chart\axis\NumberAxisTest.java,org.jfree.chart.axis.NumberAxisTest,testXYAutoRange1/0,EPSILON,2
C:\Users\stefa\Desktop\IFT3913\TP2\IFT3913_TP1\..\..\jfreechart\src\test\java\org\jfree\chart\axis\NumberAxisTest.java,org.jfree.chart.axis.NumberAxisTest,testAutoRange1/0,EPSILON,2
C:\Users\stefa\Desktop\IFT3913\TP2\IFT3913_TP1\..\..\jfreechart\src\test\java\org\jfree\data\xy\XYIntervalDataItemTest.java,org.jfree.data.xy.XYIntervalDataItemTest,testConstructor1/0,EPSILON,5
C:\Users\stefa\Desktop\IFT3913\TP2\IFT3913_TP1\..\..\jfreechart\src\test\java\org\jfree\chart\plot\dial\DialPlotTest.java,org.jfree.chart.plot.dial.DialPlotTest,plotChanged/1[org.jfree.chart.plot.dial.PlotChangeEvent],lastEvent,1
C:\Users\stefa\Desktop\IFT3913\TP2\IFT3913_TP1\..\..\jfreechart\src\test\java\org\jfree\chart\plot\dial\DialPlotTest.java,org.jfree.chart.plot.dial.DialPlotTest,testBackgroundListener/0,lastEvent,5
C:\Users\stefa\Desktop\IFT3913\TP2\IFT3913_TP1\..\..\jfreechart\src\test\java\org\jfree\chart\plot\dial\DialPlotTest.java,org.jfree.chart.plot.dial.DialPlotTest,testLayerListener/0,lastEvent,7
C:\Users\stefa\Desktop\IFT3913\TP2\IFT3913_TP1\..\..\jfreechart\src\test\java\org\jfree\chart\plot\dial\DialPlotTest.java,org.jfree.chart.plot.dial.DialPlotTest,testScaleListener/0,lastEvent,5
C:\Users\stefa\Desktop\IFT3913\TP2\IFT3913_TP1\..\..\jfreechart\src\test\java\org\jfree\chart\plot\dial\DialPlotTest.java,org.jfree.chart.plot.dial.DialPlotTest,testCapListener/0,lastEvent,5
C:\Users\stefa\Desktop\IFT3913\TP2\IFT3913_TP1\..\..\jfreechart\src\test\java\org\jfree\chart\plot\dial\DialPlotTest.java,org.jfree.chart.plot.dial.DialPlotTest,testFrameListener/0,lastEvent,5
C:\Users\stefa\Desktop\IFT3913\TP2\IFT3913_TP1\..\..\jfreechart\src\test\java\org\jfree\chart\StackedBarChartTest.java,org.jfree.chart.StackedBarChartTest,testReplaceDataset/0,chart,2
C:\Users\stefa\Desktop\IFT3913\TP2\IFT3913_TP1\..\..\jfreechart\src\test\java\org\jfree\chart\StackedBarChartTest.java,org.jfree.chart.StackedBarChartTest,testDrawWithNullInfo/0,chart,1
C:\Users\stefa\Desktop\IFT3913\TP2\IFT3913_TP1\..\..\jfreechart\src\test\java\org\jfree\chart\StackedBarChartTest.java,org.jfree.chart.StackedBarChartTest,testSetSeriesToolTipGenerator/0,chart,1
C:\Users\stefa\Desktop\IFT3913\TP2\IFT3913_TP1\..\..\jfreechart\src\test\java\org\jfree\chart\StackedBarChartTest.java,org.jfree.chart.StackedBarChartTest,setUp/0,chart,1
C:\Users\stefa\Desktop\IFT3913\TP2\IFT3913_TP1\..\..\jfreechart\src\test\java\org\jfree\chart\StackedBarChartTest.java,org.jfree.chart.StackedBarChartTest,testSetSeriesURLGenerator/0,chart,1
C:\Users\stefa\Desktop\IFT3913\TP2\IFT3913_TP1\..\..\jfreechart\src\test\java\org\jfree\chart\plot\IntervalMarkerTest.java,org.jfree.chart.plot.IntervalMarkerTest,markerChanged/1[org.jfree.chart.plot.MarkerChangeEvent],lastEvent,1
C:\Users\stefa\Desktop\IFT3913\TP2\IFT3913_TP1\..\..\jfreechart\src\test\java\org\jfree\chart\plot\IntervalMarkerTest.java,org.jfree.chart.plot.IntervalMarkerTest,testGetSetEndValue/0,lastEvent,2
C:\Users\stefa\Desktop\IFT3913\TP2\IFT3913_TP1\..\..\jfreechart\src\test\java\org\jfree\chart\plot\IntervalMarkerTest.java,org.jfree.chart.plot.IntervalMarkerTest,testGetSetEndValue/0,EPSILON,2
C:\Users\stefa\Desktop\IFT3913\TP2\IFT3913_TP1\..\..\jfreechart\src\test\java\org\jfree\chart\plot\IntervalMarkerTest.java,org.jfree.chart.plot.IntervalMarkerTest,testGetSetStartValue/0,lastEvent,2
C:\Users\stefa\Desktop\IFT3913\TP2\IFT3913_TP1\..\..\jfreechart\src\test\java\org\jfree\chart\plot\IntervalMarkerTest.java,org.jfree.chart.plot.IntervalMarkerTest,testGetSetStartValue/0,EPSILON,2
C:\Users\stefa\Desktop\IFT3913\TP2\IFT3913_TP1\..\..\jfreechart\src\test\java\org\jfree\chart\block\RectangleConstraintTest.java,org.jfree.chart.block.RectangleConstraintTest,testCalculateConstrainedSize/0,EPSILON,18
C:\Users\stefa\Desktop\IFT3913\TP2\IFT3913_TP1\..\..\jfreechart\src\test\java\org\jfree\chart\LineChartTest.java,org.jfree.chart.LineChartTest,testSetSeriesURLGenerator/0,chart,1
C:\Users\stefa\Desktop\IFT3913\TP2\IFT3913_TP1\..\..\jfreechart\src\test\java\org\jfree\chart\LineChartTest.java,org.jfree.chart.LineChartTest,testDrawWithNullInfo/0,chart,1
C:\Users\stefa\Desktop\IFT3913\TP2\IFT3913_TP1\..\..\jfreechart\src\test\java\org\jfree\chart\LineChartTest.java,org.jfree.chart.LineChartTest,testReplaceDataset/0,chart,2
C:\Users\stefa\Desktop\IFT3913\TP2\IFT3913_TP1\..\..\jfreechart\src\test\java\org\jfree\chart\LineChartTest.java,org.jfree.chart.LineChartTest,testSetSeriesToolTipGenerator/0,chart,1
C:\Users\stefa\Desktop\IFT3913\TP2\IFT3913_TP1\..\..\jfreechart\src\test\java\org\jfree\chart\LineChartTest.java,org.jfree.chart.LineChartTest,setUp/0,chart,1
C:\Users\stefa\Desktop\IFT3913\TP2\IFT3913_TP1\..\..\jfreechart\src\test\java\org\jfree\chart\AreaChartTest.java,org.jfree.chart.AreaChartTest,testSetSeriesToolTipGenerator/0,chart,1
C:\Users\stefa\Desktop\IFT3913\TP2\IFT3913_TP1\..\..\jfreechart\src\test\java\org\jfree\chart\AreaChartTest.java,org.jfree.chart.AreaChartTest,testReplaceDataset/0,chart,2
C:\Users\stefa\Desktop\IFT3913\TP2\IFT3913_TP1\..\..\jfreechart\src\test\java\org\jfree\chart\AreaChartTest.java,org.jfree.chart.AreaChartTest,testDrawWithNullInfo/0,chart,1
C:\Users\stefa\Desktop\IFT3913\TP2\IFT3913_TP1\..\..\jfreechart\src\test\java\org\jfree\chart\AreaChartTest.java,org.jfree.chart.AreaChartTest,testSetSeriesURLGenerator/0,chart,1
C:\Users\stefa\Desktop\IFT3913\TP2\IFT3913_TP1\..\..\jfreechart\src\test\java\org\jfree\chart\AreaChartTest.java,org.jfree.chart.AreaChartTest,setUp/0,chart,1
C:\Users\stefa\Desktop\IFT3913\TP2\IFT3913_TP1\..\..\jfreechart\src\test\java\org\jfree\chart\internal\SerialUtilsTest.java,org.jfree.chart.internal.SerialUtilsTest$ObjectWithMapOfStroke,"ObjectWithMapOfStroke/1[java.util.Map<java.lang.Integer,java.awt.Stroke>]",map,3
C:\Users\stefa\Desktop\IFT3913\TP2\IFT3913_TP1\..\..\jfreechart\src\test\java\org\jfree\chart\internal\SerialUtilsTest.java,org.jfree.chart.internal.SerialUtilsTest$ObjectWithMapOfStroke,readObject/1[java.io.ObjectInputStream],map,1
C:\Users\stefa\Desktop\IFT3913\TP2\IFT3913_TP1\..\..\jfreechart\src\test\java\org\jfree\chart\internal\SerialUtilsTest.java,org.jfree.chart.internal.SerialUtilsTest$ObjectWithMapOfStroke,getMap/0,map,1
C:\Users\stefa\Desktop\IFT3913\TP2\IFT3913_TP1\..\..\jfreechart\src\test\java\org\jfree\chart\internal\SerialUtilsTest.java,org.jfree.chart.internal.SerialUtilsTest$ObjectWithMapOfStroke,writeObject/1[java.io.ObjectOutputStream],map,1
C:\Users\stefa\Desktop\IFT3913\TP2\IFT3913_TP1\..\..\jfreechart\src\test\java\org\jfree\chart\TimeSeriesChartTest.java,org.jfree.chart.TimeSeriesChartTest$LocalListener,chartChanged/1[org.jfree.chart.ChartChangeEvent],flag,1
C:\Users\stefa\Desktop\IFT3913\TP2\IFT3913_TP1\..\..\jfreechart\src\test\java\org\jfree\chart\renderer\RendererChangeDetector.java,org.jfree.chart.renderer.RendererChangeDetector,getNotified/0,notified,1
C:\Users\stefa\Desktop\IFT3913\TP2\IFT3913_TP1\..\..\jfreechart\src\test\java\org\jfree\chart\renderer\RendererChangeDetector.java,org.jfree.chart.renderer.RendererChangeDetector,setNotified/1[boolean],notified,4
C:\Users\stefa\Desktop\IFT3913\TP2\IFT3913_TP1\..\..\jfreechart\src\test\java\org\jfree\chart\renderer\RendererChangeDetector.java,org.jfree.chart.renderer.RendererChangeDetector,rendererChanged/1[org.jfree.chart.renderer.RendererChangeEvent],notified,1
C:\Users\stefa\Desktop\IFT3913\TP2\IFT3913_TP1\..\..\jfreechart\src\test\java\org\jfree\chart\renderer\RendererChangeDetector.java,org.jfree.chart.renderer.RendererChangeDetector,RendererChangeDetector/0,notified,1
C:\Users\stefa\Desktop\IFT3913\TP2\IFT3913_TP1\..\..\jfreechart\src\test\java\org\jfree\chart\StackedAreaChartTest.java,org.jfree.chart.StackedAreaChartTest,testReplaceDataset/0,chart,2
C:\Users\stefa\Desktop\IFT3913\TP2\IFT3913_TP1\..\..\jfreechart\src\test\java\org\jfree\chart\StackedAreaChartTest.java,org.jfree.chart.StackedAreaChartTest,testDrawWithNullInfo/0,chart,1
C:\Users\stefa\Desktop\IFT3913\TP2\IFT3913_TP1\..\..\jfreechart\src\test\java\org\jfree\chart\StackedAreaChartTest.java,org.jfree.chart.StackedAreaChartTest,setUp/0,chart,1
C:\Users\stefa\Desktop\IFT3913\TP2\IFT3913_TP1\..\..\jfreechart\src\test\java\org\jfree\chart\StackedAreaChartTest.java,org.jfree.chart.StackedAreaChartTest,testSetSeriesToolTipGenerator/0,chart,1
C:\Users\stefa\Desktop\IFT3913\TP2\IFT3913_TP1\..\..\jfreechart\src\test\java\org\jfree\chart\StackedAreaChartTest.java,org.jfree.chart.StackedAreaChartTest,testSetSeriesURLGenerator/0,chart,1
C:\Users\stefa\Desktop\IFT3913\TP2\IFT3913_TP1\..\..\jfreechart\src\test\java\org\jfree\data\statistics\StatisticsTest.java,org.jfree.data.statistics.StatisticsTest,testCalculateMean_Collection/0,EPSILON,6
C:\Users\stefa\Desktop\IFT3913\TP2\IFT3913_TP1\..\..\jfreechart\src\test\java\org\jfree\data\statistics\StatisticsTest.java,org.jfree.data.statistics.StatisticsTest,testCalculateMean_Array/0,EPSILON,5
C:\Users\stefa\Desktop\IFT3913\TP2\IFT3913_TP1\..\..\jfreechart\src\test\java\org\jfree\data\xy\XYIntervalSeriesTest.java,org.jfree.data.xy.XYIntervalSeriesTest,testAdd/0,EPSILON,7
C:\Users\stefa\Desktop\IFT3913\TP2\IFT3913_TP1\..\..\jfreechart\src\test\java\org\jfree\data\xy\XYIntervalSeriesTest.java,org.jfree.data.xy.XYIntervalSeriesTest,testSetMaximumItemCount/0,EPSILON,2
C:\Users\stefa\Desktop\IFT3913\TP2\IFT3913_TP1\..\..\jfreechart\src\test\java\org\jfree\data\xy\XYIntervalSeriesTest.java,org.jfree.data.xy.XYIntervalSeriesTest,testAdditionOfDuplicateXValues/0,EPSILON,5
C:\Users\stefa\Desktop\IFT3913\TP2\IFT3913_TP1\..\..\jfreechart\src\test\java\org\jfree\data\xy\XYIntervalSeriesTest.java,org.jfree.data.xy.XYIntervalSeriesTest,seriesChanged/1[org.jfree.data.xy.SeriesChangeEvent],lastEvent,1
C:\Users\stefa\Desktop\IFT3913\TP2\IFT3913_TP1\..\..\jfreechart\src\test\java\org\jfree\data\xy\XYIntervalSeriesTest.java,org.jfree.data.xy.XYIntervalSeriesTest,testValues/0,EPSILON,6
C:\Users\stefa\Desktop\IFT3913\TP2\IFT3913_TP1\..\..\jfreechart\src\test\java\org\jfree\data\xy\XYIntervalSeriesTest.java,org.jfree.data.xy.XYIntervalSeriesTest,testClear/0,lastEvent,2
C:\Users\stefa\Desktop\IFT3913\TP2\IFT3913_TP1\..\..\jfreechart\src\test\java\org\jfree\data\xy\XYIntervalSeriesTest.java,org.jfree.data.xy.XYIntervalSeriesTest,testSetMaximumItemCount2/0,EPSILON,2
C:\Users\stefa\Desktop\IFT3913\TP2\IFT3913_TP1\..\..\jfreechart\src\test\java\org\jfree\data\RangeTest.java,org.jfree.data.RangeTest,testCombine/0,EPSILON,2
C:\Users\stefa\Desktop\IFT3913\TP2\IFT3913_TP1\..\..\jfreechart\src\test\java\org\jfree\data\RangeTest.java,org.jfree.data.RangeTest,testCombineIgnoringNaN/0,EPSILON,4
C:\Users\stefa\Desktop\IFT3913\TP2\IFT3913_TP1\..\..\jfreechart\src\test\java\org\jfree\data\time\TimeSeriesTest.java,org.jfree.data.time.TimeSeriesTest,testAdd/0,EPSILON,2
C:\Users\stefa\Desktop\IFT3913\TP2\IFT3913_TP1\..\..\jfreechart\src\test\java\org\jfree\data\time\TimeSeriesTest.java,org.jfree.data.time.TimeSeriesTest,testAddOrUpdate2/0,EPSILON,2
C:\Users\stefa\Desktop\IFT3913\TP2\IFT3913_TP1\..\..\jfreechart\src\test\java\org\jfree\data\time\TimeSeriesTest.java,org.jfree.data.time.TimeSeriesTest,testSetMaximumItemCount/0,EPSILON,2
C:\Users\stefa\Desktop\IFT3913\TP2\IFT3913_TP1\..\..\jfreechart\src\test\java\org\jfree\data\time\TimeSeriesTest.java,org.jfree.data.time.TimeSeriesTest,testDelete_RegularTimePeriod/0,EPSILON,2
C:\Users\stefa\Desktop\IFT3913\TP2\IFT3913_TP1\..\..\jfreechart\src\test\java\org\jfree\data\time\TimeSeriesTest.java,org.jfree.data.time.TimeSeriesTest,testUpdate_RegularTimePeriod/0,EPSILON,4
C:\Users\stefa\Desktop\IFT3913\TP2\IFT3913_TP1\..\..\jfreechart\src\test\java\org\jfree\data\time\TimeSeriesTest.java,org.jfree.data.time.TimeSeriesTest,testAddValue/0,seriesA,2
C:\Users\stefa\Desktop\IFT3913\TP2\IFT3913_TP1\..\..\jfreechart\src\test\java\org\jfree\data\time\TimeSeriesTest.java,org.jfree.data.time.TimeSeriesTest,testDelete2/0,gotSeriesChangeEvent,4
C:\Users\stefa\Desktop\IFT3913\TP2\IFT3913_TP1\..\..\jfreechart\src\test\java\org\jfree\data\time\TimeSeriesTest.java,org.jfree.data.time.TimeSeriesTest,setUp/0,seriesA,7
C:\Users\stefa\Desktop\IFT3913\TP2\IFT3913_TP1\..\..\jfreechart\src\test\java\org\jfree\data\time\TimeSeriesTest.java,org.jfree.data.time.TimeSeriesTest,testRemoveAgedItems2/0,gotSeriesChangeEvent,8
C:\Users\stefa\Desktop\IFT3913\TP2\IFT3913_TP1\..\..\jfreechart\src\test\java\org\jfree\data\time\TimeSeriesTest.java,org.jfree.data.time.TimeSeriesTest,testDelete3/0,EPSILON,2
C:\Users\stefa\Desktop\IFT3913\TP2\IFT3913_TP1\..\..\jfreechart\src\test\java\org\jfree\data\time\TimeSeriesTest.java,org.jfree.data.time.TimeSeriesTest,testRemoveAgedItems4/0,EPSILON,2
C:\Users\stefa\Desktop\IFT3913\TP2\IFT3913_TP1\..\..\jfreechart\src\test\java\org\jfree\data\time\TimeSeriesTest.java,org.jfree.data.time.TimeSeriesTest,seriesChanged/1[org.jfree.data.time.SeriesChangeEvent],gotSeriesChangeEvent,1
C:\Users\stefa\Desktop\IFT3913\TP2\IFT3913_TP1\..\..\jfreechart\src\test\java\org\jfree\data\time\TimeSeriesTest.java,org.jfree.data.time.TimeSeriesTest,testRemoveAgedItems/0,gotSeriesChangeEvent,7
C:\Users\stefa\Desktop\IFT3913\TP2\IFT3913_TP1\..\..\jfreechart\src\test\java\org\jfree\data\time\TimeSeriesTest.java,org.jfree.data.time.TimeSeriesTest,testGetMaxY/0,EPSILON,6
C:\Users\stefa\Desktop\IFT3913\TP2\IFT3913_TP1\..\..\jfreechart\src\test\java\org\jfree\data\time\TimeSeriesTest.java,org.jfree.data.time.TimeSeriesTest,testGetMinY2/0,EPSILON,2
C:\Users\stefa\Desktop\IFT3913\TP2\IFT3913_TP1\..\..\jfreechart\src\test\java\org\jfree\data\time\TimeSeriesTest.java,org.jfree.data.time.TimeSeriesTest,testGetMaxY2/0,EPSILON,2
C:\Users\stefa\Desktop\IFT3913\TP2\IFT3913_TP1\..\..\jfreechart\src\test\java\org\jfree\data\time\TimeSeriesTest.java,org.jfree.data.time.TimeSeriesTest,testBug3446965/0,EPSILON,2
C:\Users\stefa\Desktop\IFT3913\TP2\IFT3913_TP1\..\..\jfreechart\src\test\java\org\jfree\data\time\TimeSeriesTest.java,org.jfree.data.time.TimeSeriesTest,testCreateCopy3/0,EPSILON,6
C:\Users\stefa\Desktop\IFT3913\TP2\IFT3913_TP1\..\..\jfreechart\src\test\java\org\jfree\data\time\TimeSeriesTest.java,org.jfree.data.time.TimeSeriesTest,testDelete/0,seriesA,3
C:\Users\stefa\Desktop\IFT3913\TP2\IFT3913_TP1\..\..\jfreechart\src\test\java\org\jfree\data\time\TimeSeriesTest.java,org.jfree.data.time.TimeSeriesTest,testRemoveAgedItems5/0,EPSILON,2
C:\Users\stefa\Desktop\IFT3913\TP2\IFT3913_TP1\..\..\jfreechart\src\test\java\org\jfree\data\time\TimeSeriesTest.java,org.jfree.data.time.TimeSeriesTest,testGetValue/0,seriesA,2
C:\Users\stefa\Desktop\IFT3913\TP2\IFT3913_TP1\..\..\jfreechart\src\test\java\org\jfree\data\time\TimeSeriesTest.java,org.jfree.data.time.TimeSeriesTest,testGetMinY/0,EPSILON,6
C:\Users\stefa\Desktop\IFT3913\TP2\IFT3913_TP1\..\..\jfreechart\src\test\java\org\jfree\data\time\ohlc\OHLCItemTest.java,org.jfree.data.time.ohlc.OHLCItemTest,testConstructor1/0,EPSILON,4
C:\Users\stefa\Desktop\IFT3913\TP2\IFT3913_TP1\..\..\jfreechart\src\test\java\org\jfree\data\function\NormalDistributionFunction2DTest.java,org.jfree.data.function.NormalDistributionFunction2DTest,testConstructor/0,EPSILON,2
C:\Users\stefa\Desktop\IFT3913\TP2\IFT3913_TP1\..\..\jfreechart\src\test\java\org\jfree\data\general\IntervalDataItem.java,org.jfree.data.general.IntervalDataItem,getUpperBound/0,upperBound,1
C:\Users\stefa\Desktop\IFT3913\TP2\IFT3913_TP1\..\..\jfreechart\src\test\java\org\jfree\data\general\IntervalDataItem.java,org.jfree.data.general.IntervalDataItem,getLowerBound/0,lowerBound,1
C:\Users\stefa\Desktop\IFT3913\TP2\IFT3913_TP1\..\..\jfreechart\src\test\java\org\jfree\data\general\IntervalDataItem.java,org.jfree.data.general.IntervalDataItem,"IntervalDataItem/3[java.lang.Number,java.lang.Number,java.lang.Number]",upperBound,3
C:\Users\stefa\Desktop\IFT3913\TP2\IFT3913_TP1\..\..\jfreechart\src\test\java\org\jfree\data\general\IntervalDataItem.java,org.jfree.data.general.IntervalDataItem,"IntervalDataItem/3[java.lang.Number,java.lang.Number,java.lang.Number]",lowerBound,3
C:\Users\stefa\Desktop\IFT3913\TP2\IFT3913_TP1\..\..\jfreechart\src\test\java\org\jfree\data\general\IntervalDataItem.java,org.jfree.data.general.IntervalDataItem,"IntervalDataItem/3[java.lang.Number,java.lang.Number,java.lang.Number]",value,3
C:\Users\stefa\Desktop\IFT3913\TP2\IFT3913_TP1\..\..\jfreechart\src\test\java\org\jfree\data\general\IntervalDataItem.java,org.jfree.data.general.IntervalDataItem,getValue/0,value,1
C:\Users\stefa\Desktop\IFT3913\TP2\IFT3913_TP1\..\..\jfreechart\src\test\java\org\jfree\chart\XYStepChartTest.java,org.jfree.chart.XYStepChartTest,testReplaceDataset/0,chart,2
C:\Users\stefa\Desktop\IFT3913\TP2\IFT3913_TP1\..\..\jfreechart\src\test\java\org\jfree\chart\XYStepChartTest.java,org.jfree.chart.XYStepChartTest,testSetSeriesToolTipGenerator/0,chart,1
C:\Users\stefa\Desktop\IFT3913\TP2\IFT3913_TP1\..\..\jfreechart\src\test\java\org\jfree\chart\XYStepChartTest.java,org.jfree.chart.XYStepChartTest,testDrawWithNullInfo/0,chart,1
C:\Users\stefa\Desktop\IFT3913\TP2\IFT3913_TP1\..\..\jfreechart\src\test\java\org\jfree\chart\XYStepChartTest.java,org.jfree.chart.XYStepChartTest,setUp/0,chart,1
C:\Users\stefa\Desktop\IFT3913\TP2\IFT3913_TP1\..\..\jfreechart\src\test\java\org\jfree\data\xy\VectorSeriesTest.java,org.jfree.data.xy.VectorSeriesTest,testAdditionOfDuplicateXValues/0,EPSILON,5
C:\Users\stefa\Desktop\IFT3913\TP2\IFT3913_TP1\..\..\jfreechart\src\test\java\org\jfree\data\xy\VectorSeriesTest.java,org.jfree.data.xy.VectorSeriesTest,testSetMaximumItemCount2/0,EPSILON,2
C:\Users\stefa\Desktop\IFT3913\TP2\IFT3913_TP1\..\..\jfreechart\src\test\java\org\jfree\data\xy\VectorSeriesTest.java,org.jfree.data.xy.VectorSeriesTest,testClear/0,lastEvent,2
C:\Users\stefa\Desktop\IFT3913\TP2\IFT3913_TP1\..\..\jfreechart\src\test\java\org\jfree\data\xy\VectorSeriesTest.java,org.jfree.data.xy.VectorSeriesTest,seriesChanged/1[org.jfree.data.xy.SeriesChangeEvent],lastEvent,1
C:\Users\stefa\Desktop\IFT3913\TP2\IFT3913_TP1\..\..\jfreechart\src\test\java\org\jfree\data\xy\VectorSeriesTest.java,org.jfree.data.xy.VectorSeriesTest,testSetMaximumItemCount/0,EPSILON,2
C:\Users\stefa\Desktop\IFT3913\TP2\IFT3913_TP1\..\..\jfreechart\src\test\java\org\jfree\data\xy\VectorSeriesTest.java,org.jfree.data.xy.VectorSeriesTest,testAdd/0,EPSILON,7
C:\Users\stefa\Desktop\IFT3913\TP2\IFT3913_TP1\..\..\jfreechart\src\test\java\org\jfree\data\xy\VectorSeriesTest.java,org.jfree.data.xy.VectorSeriesTest,testRemove/0,EPSILON,2
C:\Users\stefa\Desktop\IFT3913\TP2\IFT3913_TP1\..\..\jfreechart\src\test\java\org\jfree\data\general\DatasetUtilsTest.java,org.jfree.data.general.DatasetUtilsTest,testFindYValue/0,EPSILON,5
C:\Users\stefa\Desktop\IFT3913\TP2\IFT3913_TP1\..\..\jfreechart\src\test\java\org\jfree\data\general\DatasetUtilsTest.java,org.jfree.data.general.DatasetUtilsTest,testIterateToFindDomainBounds_IntervalXYDataset/0,EPSILON,2
C:\Users\stefa\Desktop\IFT3913\TP2\IFT3913_TP1\..\..\jfreechart\src\test\java\org\jfree\data\general\DatasetUtilsTest.java,org.jfree.data.general.DatasetUtilsTest,testFindZBounds/0,EPSILON,18
C:\Users\stefa\Desktop\IFT3913\TP2\IFT3913_TP1\..\..\jfreechart\src\test\java\org\jfree\data\general\DatasetUtilsTest.java,org.jfree.data.general.DatasetUtilsTest,testCalculatePieDatasetTotal/0,EPSILON,3
C:\Users\stefa\Desktop\IFT3913\TP2\IFT3913_TP1\..\..\jfreechart\src\test\java\org\jfree\data\general\DatasetUtilsTest.java,org.jfree.data.general.DatasetUtilsTest,testFindStackedRangeBoundsForTableXYDataset1/0,EPSILON,2
C:\Users\stefa\Desktop\IFT3913\TP2\IFT3913_TP1\..\..\jfreechart\src\test\java\org\jfree\data\general\DatasetUtilsTest.java,org.jfree.data.general.DatasetUtilsTest,testFindRangeBounds2/0,EPSILON,12
C:\Users\stefa\Desktop\IFT3913\TP2\IFT3913_TP1\..\..\jfreechart\src\test\java\org\jfree\data\general\DatasetUtilsTest.java,org.jfree.data.general.DatasetUtilsTest,testFindStackedRangeBounds_CategoryDataset2/0,EPSILON,8
C:\Users\stefa\Desktop\IFT3913\TP2\IFT3913_TP1\..\..\jfreechart\src\test\java\org\jfree\data\general\DatasetUtilsTest.java,org.jfree.data.general.DatasetUtilsTest,testIterateDomainBounds/0,EPSILON,2
C:\Users\stefa\Desktop\IFT3913\TP2\IFT3913_TP1\..\..\jfreechart\src\test\java\org\jfree\data\general\DatasetUtilsTest.java,org.jfree.data.general.DatasetUtilsTest,testFindStackedRangeBounds_CategoryDataset3/0,EPSILON,6
C:\Users\stefa\Desktop\IFT3913\TP2\IFT3913_TP1\..\..\jfreechart\src\test\java\org\jfree\data\general\DatasetUtilsTest.java,org.jfree.data.general.DatasetUtilsTest,testFindDomainBounds_NaN/0,EPSILON,4
C:\Users\stefa\Desktop\IFT3913\TP2\IFT3913_TP1\..\..\jfreechart\src\test\java\org\jfree\data\general\DatasetUtilsTest.java,org.jfree.data.general.DatasetUtilsTest,testBug2849731_2/0,EPSILON,6
C:\Users\stefa\Desktop\IFT3913\TP2\IFT3913_TP1\..\..\jfreechart\src\test\java\org\jfree\data\general\DatasetUtilsTest.java,org.jfree.data.general.DatasetUtilsTest,testIterateDomainBounds_NaN/0,EPSILON,2
C:\Users\stefa\Desktop\IFT3913\TP2\IFT3913_TP1\..\..\jfreechart\src\test\java\org\jfree\data\general\DatasetUtilsTest.java,org.jfree.data.general.DatasetUtilsTest,testFindDomainBounds/0,EPSILON,2
C:\Users\stefa\Desktop\IFT3913\TP2\IFT3913_TP1\..\..\jfreechart\src\test\java\org\jfree\data\general\DatasetUtilsTest.java,org.jfree.data.general.DatasetUtilsTest,testFindStackedRangeBounds_CategoryDataset1/0,EPSILON,4
C:\Users\stefa\Desktop\IFT3913\TP2\IFT3913_TP1\..\..\jfreechart\src\test\java\org\jfree\data\general\DatasetUtilsTest.java,org.jfree.data.general.DatasetUtilsTest,testIterateRangeBounds3_CategoryDataset/0,EPSILON,4
C:\Users\stefa\Desktop\IFT3913\TP2\IFT3913_TP1\..\..\jfreechart\src\test\java\org\jfree\data\general\DatasetUtilsTest.java,org.jfree.data.general.DatasetUtilsTest,testStackedRangeWithMap/0,EPSILON,2
C:\Users\stefa\Desktop\IFT3913\TP2\IFT3913_TP1\..\..\jfreechart\src\test\java\org\jfree\data\general\DatasetUtilsTest.java,org.jfree.data.general.DatasetUtilsTest,testCumulativeRange3/0,EPSILON,2
C:\Users\stefa\Desktop\IFT3913\TP2\IFT3913_TP1\..\..\jfreechart\src\test\java\org\jfree\data\general\DatasetUtilsTest.java,org.jfree.data.general.DatasetUtilsTest,testFindMinimumStackedRangeValue2/0,EPSILON,2
C:\Users\stefa\Desktop\IFT3913\TP2\IFT3913_TP1\..\..\jfreechart\src\test\java\org\jfree\data\general\DatasetUtilsTest.java,org.jfree.data.general.DatasetUtilsTest,testIterateRangeBounds2_CategoryDataset/0,EPSILON,6
C:\Users\stefa\Desktop\IFT3913\TP2\IFT3913_TP1\..\..\jfreechart\src\test\java\org\jfree\data\general\DatasetUtilsTest.java,org.jfree.data.general.DatasetUtilsTest,testIterateRangeBounds3/0,EPSILON,6
C:\Users\stefa\Desktop\IFT3913\TP2\IFT3913_TP1\..\..\jfreechart\src\test\java\org\jfree\data\general\DatasetUtilsTest.java,org.jfree.data.general.DatasetUtilsTest,testIterateRangeBounds4/0,EPSILON,8
C:\Users\stefa\Desktop\IFT3913\TP2\IFT3913_TP1\..\..\jfreechart\src\test\java\org\jfree\data\general\DatasetUtilsTest.java,org.jfree.data.general.DatasetUtilsTest,testFindDomainBounds2/0,EPSILON,2
C:\Users\stefa\Desktop\IFT3913\TP2\IFT3913_TP1\..\..\jfreechart\src\test\java\org\jfree\data\general\DatasetUtilsTest.java,org.jfree.data.general.DatasetUtilsTest,testFindDomainBounds3/0,EPSILON,2
C:\Users\stefa\Desktop\IFT3913\TP2\IFT3913_TP1\..\..\jfreechart\src\test\java\org\jfree\data\general\DatasetUtilsTest.java,org.jfree.data.general.DatasetUtilsTest,testIterateRangeBounds/0,EPSILON,2
C:\Users\stefa\Desktop\IFT3913\TP2\IFT3913_TP1\..\..\jfreechart\src\test\java\org\jfree\data\general\DatasetUtilsTest.java,org.jfree.data.general.DatasetUtilsTest,testIterateRangeBounds2/0,EPSILON,2
C:\Users\stefa\Desktop\IFT3913\TP2\IFT3913_TP1\..\..\jfreechart\src\test\java\org\jfree\data\general\DatasetUtilsTest.java,org.jfree.data.general.DatasetUtilsTest,testFindMinimumStackedRangeValue/0,EPSILON,4
C:\Users\stefa\Desktop\IFT3913\TP2\IFT3913_TP1\..\..\jfreechart\src\test\java\org\jfree\data\general\DatasetUtilsTest.java,org.jfree.data.general.DatasetUtilsTest,testFindYValueWithDuplicates/0,EPSILON,6
C:\Users\stefa\Desktop\IFT3913\TP2\IFT3913_TP1\..\..\jfreechart\src\test\java\org\jfree\data\general\DatasetUtilsTest.java,org.jfree.data.general.DatasetUtilsTest,testBug2849731_3/0,EPSILON,6
C:\Users\stefa\Desktop\IFT3913\TP2\IFT3913_TP1\..\..\jfreechart\src\test\java\org\jfree\data\general\DatasetUtilsTest.java,org.jfree.data.general.DatasetUtilsTest,testFindDomainBounds4/0,EPSILON,2
C:\Users\stefa\Desktop\IFT3913\TP2\IFT3913_TP1\..\..\jfreechart\src\test\java\org\jfree\data\general\DatasetUtilsTest.java,org.jfree.data.general.DatasetUtilsTest,testIterateToFindRangeBounds_IntervalXYDataset/0,EPSILON,2
C:\Users\stefa\Desktop\IFT3913\TP2\IFT3913_TP1\..\..\jfreechart\src\test\java\org\jfree\data\general\DatasetUtilsTest.java,org.jfree.data.general.DatasetUtilsTest,testIterateDomainBounds_NaN2/0,EPSILON,4
C:\Users\stefa\Desktop\IFT3913\TP2\IFT3913_TP1\..\..\jfreechart\src\test\java\org\jfree\data\general\DatasetUtilsTest.java,org.jfree.data.general.DatasetUtilsTest,testFindRangeBounds_CategoryDataset/0,EPSILON,2
C:\Users\stefa\Desktop\IFT3913\TP2\IFT3913_TP1\..\..\jfreechart\src\test\java\org\jfree\data\general\DatasetUtilsTest.java,org.jfree.data.general.DatasetUtilsTest,testFindYValueNonSorted/0,EPSILON,6
C:\Users\stefa\Desktop\IFT3913\TP2\IFT3913_TP1\..\..\jfreechart\src\test\java\org\jfree\data\general\DatasetUtilsTest.java,org.jfree.data.general.DatasetUtilsTest,testFindMaximumStackedRangeValue/0,EPSILON,4
C:\Users\stefa\Desktop\IFT3913\TP2\IFT3913_TP1\..\..\jfreechart\src\test\java\org\jfree\data\general\DatasetUtilsTest.java,org.jfree.data.general.DatasetUtilsTest,testFindMaximumStackedRangeValue2/0,EPSILON,2
C:\Users\stefa\Desktop\IFT3913\TP2\IFT3913_TP1\..\..\jfreechart\src\test\java\org\jfree\data\general\DatasetUtilsTest.java,org.jfree.data.general.DatasetUtilsTest,testCumulativeRange_NaN/0,EPSILON,2
C:\Users\stefa\Desktop\IFT3913\TP2\IFT3913_TP1\..\..\jfreechart\src\test\java\org\jfree\data\general\DatasetUtilsTest.java,org.jfree.data.general.DatasetUtilsTest,testIterateRangeBounds_CategoryDataset/0,EPSILON,2
C:\Users\stefa\Desktop\IFT3913\TP2\IFT3913_TP1\..\..\jfreechart\src\test\java\org\jfree\data\general\DatasetUtilsTest.java,org.jfree.data.general.DatasetUtilsTest,testFindRangeBounds/0,EPSILON,2
C:\Users\stefa\Desktop\IFT3913\TP2\IFT3913_TP1\..\..\jfreechart\src\test\java\org\jfree\data\general\DatasetUtilsTest.java,org.jfree.data.general.DatasetUtilsTest,testSampleFunction2D/0,EPSILON,4
C:\Users\stefa\Desktop\IFT3913\TP2\IFT3913_TP1\..\..\jfreechart\src\test\java\org\jfree\chart\plot\ValueMarkerTest.java,org.jfree.chart.plot.ValueMarkerTest,markerChanged/1[org.jfree.chart.plot.MarkerChangeEvent],lastEvent,1
C:\Users\stefa\Desktop\IFT3913\TP2\IFT3913_TP1\..\..\jfreechart\src\test\java\org\jfree\chart\plot\ValueMarkerTest.java,org.jfree.chart.plot.ValueMarkerTest,testGetSetValue/0,lastEvent,2
C:\Users\stefa\Desktop\IFT3913\TP2\IFT3913_TP1\..\..\jfreechart\src\test\java\org\jfree\chart\plot\ValueMarkerTest.java,org.jfree.chart.plot.ValueMarkerTest,testGetSetValue/0,EPSILON,2
C:\Users\stefa\Desktop\IFT3913\TP2\IFT3913_TP1\..\..\jfreechart\src\test\java\org\jfree\chart\plot\ValueMarkerTest.java,org.jfree.chart.plot.ValueMarkerTest,test1808376/0,EPSILON,2
C:\Users\stefa\Desktop\IFT3913\TP2\IFT3913_TP1\..\..\jfreechart\src\test\java\org\jfree\data\xy\CategoryTableXYDatasetTest.java,org.jfree.data.xy.CategoryTableXYDatasetTest,testAddSeries/0,EPSILON,18
C:\Users\stefa\Desktop\IFT3913\TP2\IFT3913_TP1\..\..\jfreechart\src\test\java\org\jfree\data\time\TimePeriodValuesTest.java,org.jfree.data.time.TimePeriodValuesTest,testAdd/0,EPSILON,1
